doc_id,Gender,judgement,GT_score,InferredGender
107,0,0.3581793520029767,8765,0
13,0,0.341097903809559,19923,0
24,0,0.3094656596943555,17263,0
19,0,0.3059709494144831,18135,0
16,0,0.27083060532484826,18992,0
7,0,0.2662111607020284,26394,0
75,0,0.2597879093774937,11098,0
196,0,0.24741963366880818,5458,0
214,0,0.2466430313843921,4915,0
53,0,0.24081851425127138,12925,0
47,0,0.2405908894437701,13932,0
225,0,0.22993649463862362,4618,0
116,0,0.22962853166376895,8290,0
93,0,0.22958836258009227,9578,0
33,0,0.22709787939213721,15991,0
22,0,0.22577229963080628,17658,0
11,0,0.2249153591790368,21606,0
61,0,0.22296046377343767,12478,0
87,1,0.22022999270020444,9693,1
8,0,0.21984066494121438,26218,0
362,0,0.21717991778773008,1953,0
105,0,0.2140065601772712,8875,0
247,0,0.2123997968302034,4037,0
82,0,0.21231945866285004,10061,0
62,0,0.21126167279269709,12417,0
58,0,0.2109403201232835,12558,0
54,0,0.2102708353953386,12924,0
104,0,0.20854356479724073,8890,0
14,0,0.2080749254876793,19364,0
346,0,0.20592298672743314,2099,0
5,0,0.20345548086485943,26397,0
15,0,0.20247803316205987,19172,0
279,0,0.19942898486636754,3300,0
128,0,0.19763476579547518,7674,0
201,0,0.19625562725590867,5317,0
69,0,0.19483631963266546,11713,0
123,0,0.19415344521016165,8138,0
147,0,0.1928546448379485,6602,0
17,0,0.19122110210176294,18715,0
37,0,0.19049805859558244,15428,0
140,0,0.18427565268943125,6975,0
2,0,0.1811118827097948,26946,0
202,0,0.18044620004558634,5285,0
146,0,0.17993739165234823,6636,0
240,0,0.17961603898293466,4231,0
36,0,0.1792946863135211,15525,0
80,0,0.17891977486587196,10457,0
96,0,0.17668369587453597,9377,0
18,0,0.17660335770718258,18679,0
51,0,0.1763757328996813,13570,0
173,1,0.17470304769660103,6005,1
25,0,0.1741262642137864,17105,0
38,0,0.17372457337701946,15213,0
59,0,0.17320237528922244,12517,0
39,0,0.17151527377480125,15092,0
12,0,0.1711135829380343,20445,0
27,0,0.17035037034817713,16827,0
3,0,0.1696808856202322,26931,0
43,0,0.16875699669566824,14593,0
290,1,0.16842708301221423,3084,1
10,0,0.16724396121051274,23848,0
267,0,0.1643421995549683,3563,0
254,1,0.1641289910588079,3786,1
155,0,0.16324424460113865,6458,0
252,0,0.16250781140039924,3820,0
238,1,0.1620669780967376,4258,1
164,0,0.1612090110281861,6226,0
55,0,0.16083409958053696,12790,0
108,0,0.16083409958053696,8667,0
232,1,0.16075478802996557,4435,1
135,0,0.16027173240906323,7205,0
78,0,0.15962902707023613,10689,0
86,0,0.15961563737567722,9743,0
145,0,0.15941479195729374,6774,0
113,0,0.15934784348449926,8356,0
57,0,0.15775446983199037,12670,0
44,0,0.1575536244136069,14508,0
49,0,0.15737955838434123,13856,0
6,0,0.15554517022977218,26395,0
26,0,0.1554514423678599,16933,0
21,0,0.15492924428006286,17911,0
9,0,0.15060437293753876,26126,0
166,0,0.14930937462906205,6206,0
174,0,0.14778294944934767,6000,0
88,0,0.1468456708302248,9654,0
223,0,0.14584144373830743,4684,0
99,0,0.14580127465463072,9032,0
126,0,0.14572093648727732,7839,0
149,0,0.14566737770904176,6529,0
239,1,0.14486502265228987,4253,1
110,0,0.14464976092256548,8486,0
233,1,0.14462400815022972,4433,1
73,0,0.1445560330606532,11344,0
56,0,0.14415434222388623,12713,0
189,0,0.143658923525207,5692,0
83,0,0.14329740177211675,9988,0
46,0,0.14120860942092864,13980,0
169,1,0.14009829138932212,6184,1
354,1,0.13556298699759206,2032,1
310,0,0.13546823251889778,2668,0
288,1,0.13271098205654674,3103,1
181,0,0.1315450520131406,5887,0
203,0,0.13072828064504782,5263,0
241,0,0.13047387644842875,4219,0
153,0,0.12953659782930588,6478,0
131,0,0.1294160905782758,7583,0
103,0,0.12889389249047878,8894,0
179,0,0.12889389249047878,5919,0
114,0,0.12826457684621057,8320,0
253,1,0.1279308610990201,3814,1
119,0,0.1279030550931203,8208,0
89,0,0.12759509211826564,9637,0
91,0,0.12728712914341098,9618,0
45,0,0.12608205663311015,14192,0
41,0,0.1256803657963432,14979,0
1,0,0.12558283587069446,32292,0
109,0,0.12510460893031058,8620,0
52,0,0.12316310321927033,13198,0
215,1,0.12015144856030024,4875,1
48,0,0.1196817826339568,13859,0
363,0,0.11837339463092125,1948,0
272,0,0.11584274235928949,3458,0
4,0,0.11516945556760812,26710,0
268,1,0.11463869646577064,3534,1
341,0,0.11462428015442976,2185,0
296,1,0.11412988807253252,2973,1
186,0,0.11408869237207382,5757,0
307,1,0.11366124876297108,2775,1
157,0,0.11341920764412891,6424,0
180,0,0.11336564886589333,5904,0
151,0,0.11336564886589333,6502,0
142,0,0.11316480344750984,6901,0
235,0,0.11295056833456747,4371,0
187,0,0.11292378894544969,5710,0
170,0,0.1127898919998607,6177,0
130,0,0.11249531871956495,7615,0
200,0,0.1120802381882391,5328,0
141,0,0.1113438049874997,6936,0
100,0,0.1113170255983819,8966,0
68,0,0.11098228323440945,11775,0
176,0,0.11037974697925902,5971,0
236,0,0.11033957789558232,4368,0
351,0,0.11012534278263995,2062,0
259,0,0.10999144583705098,3747,0
29,0,0.10894704966145692,16712,0
143,0,0.10881315271586793,6814,0
35,0,0.10845163096277768,15530,0
118,0,0.10792943287498065,8214,0
65,0,0.10787587409674507,12079,0
23,0,0.10747418325997812,17623,0
127,0,0.1061084344149705,7787,0
20,0,0.10553267754893787,17949,0
396,1,0.10533666081107286,1506,1
34,0,0.10505064854481755,15581,0
40,0,0.10472929587540399,15063,0
377,0,0.10394310596016544,1734,0
337,1,0.10107873794134324,2245,1
357,0,0.10083669682250106,2015,0
397,1,0.1006770471045763,1505,1
30,0,0.10037764514376207,16652,0
271,0,0.09951111706117013,3463,0
154,0,0.09931027164278666,6477,0
255,0,0.09927010255910998,3781,0
171,0,0.09845333119101718,6059,0
167,0,0.09817214760528031,6195,0
195,0,0.09809180943792693,5470,0
300,0,0.09770350829571889,2902,0
148,0,0.09715453081880406,6540,0
227,0,0.09708758234600956,4516,0
273,0,0.09698046478953838,3453,0
101,0,0.09653860486909474,8940,0
102,0,0.09635114914527017,8914,0
77,0,0.09628420067247567,10831,0
336,1,0.09609777156543312,2247,1
139,0,0.09556115716629518,7006,0
403,1,0.0954282868374882,1404,1
308,0,0.09527997358055831,2734,0
152,0,0.09527997358055831,6492,0
124,0,0.09481133427099687,8071,0
224,0,0.09470421671452568,4632,0
177,0,0.0946238785471723,5957,0
98,0,0.09432930526687654,9122,0
270,0,0.09395439381922739,3476,0
365,1,0.09296458303865093,1935,1
94,0,0.0923476304721596,9563,0
70,0,0.0923208510830418,11517,0
63,0,0.09195932932995156,12377,0
28,0,0.09100866101626978,16742,0
42,0,0.09039273506656047,14607,0
192,0,0.09039273506656047,5559,0
60,0,0.09029900720464817,12480,0
50,0,0.08981697820052785,13757,0
31,0,0.08961613278214438,16537,0
32,0,0.08925461102905413,16320,0
386,0,0.0861520039551262,1594,0
317,1,0.08520236225822644,2550,1
285,0,0.0840364322148203,3130,0
313,1,0.08371610616218875,2647,1
234,0,0.08338033718143428,4373,0
384,0,0.08272424214804827,1602,0
282,0,0.08214848528201564,3141,0
619,0,0.08206814711466226,300,0
299,1,0.08176121075658961,2915,1
204,0,0.0817601841398076,5216,0
161,0,0.08135849330304065,6328,0
353,0,0.08114425819009828,2049,0
183,0,0.0809835818553915,5802,0
159,0,0.08042121468391777,6361,0
366,1,0.08014105771496292,1918,1
122,0,0.07969817117773728,8145,0
399,1,0.07951174207069471,1445,1
79,0,0.07893495858788008,10571,0
97,0,0.0787608925586144,9169,0
217,0,0.07842615019464194,4833,0
115,0,0.07834581202728856,8315,0
76,0,0.07779683455037373,10902,0
84,0,0.07744870249184238,9919,0
106,0,0.07698006318228094,8868,0
81,0,0.07633735784345383,10380,0
129,0,0.07632396814889493,7645,0
120,0,0.07629718875977713,8184,0
134,0,0.07613651242507036,7316,0
144,0,0.07548041739168435,6808,0
211,0,0.07541346891888985,4996,0
90,0,0.07499838838756401,9621,0
242,1,0.07451738600022567,4217,1
72,0,0.07386026435005766,11451,0
74,0,0.0728024784799047,11318,0
66,0,0.07238739794857886,11931,0
462,1,0.07156206556644562,902,1
67,0,0.07067351704503988,11890,0
385,0,0.06822700500449796,1598,0
402,1,0.06714346636200921,1408,1
193,0,0.06700854279963823,5550,0
531,0,0.06672735921390137,531,0
417,1,0.06666143735788888,1264,1
389,1,0.0664873713286232,1550,1
421,1,0.06555009270950032,1232,1
226,0,0.0650134783103624,4541,0
297,0,0.0649733092266857,2962,0
334,1,0.06496094614890881,2353,1
218,0,0.06462517716815436,4814,0
284,0,0.06342010465785353,3130,0
408,0,0.06319247985035224,1319,0
298,0,0.06269706115167302,2944,0
281,0,0.06264350237343742,3247,0
312,1,0.06233656601536476,2652,1
85,0,0.06212130428564039,9904,0
237,1,0.06209174944956816,4323,1
359,1,0.062001823651392306,1995,1
162,0,0.06186690008902133,6327,0
190,0,0.06177317222710904,5684,0
393,0,0.06151876803048997,1533,0
132,0,0.061451819557695485,7470,0
199,0,0.0613447020012243,5357,0
137,0,0.061023349331810736,7083,0
191,0,0.06084928330254506,5564,0
111,0,0.06066182757872049,8384,0
228,0,0.06017979857460015,4496,0
184,0,0.06008607071268787,5792,0
373,0,0.05992539437798109,1833,0
160,0,0.05933624781738957,6333,0
71,0,0.05917557148268279,11507,0
64,0,0.05858642492209127,12142,0
509,1,0.058524305129815234,633,1
138,0,0.058251682558118814,7024,0
125,0,0.05723406577164255,8042,0
508,1,0.055484844464945345,636,1
165,0,0.054770361972805284,6215,0
315,0,0.052779099547265916,2615,0
493,0,0.052123004513879904,716,0
280,0,0.05152046825872948,3250,0
345,0,0.05105182894916805,2135,0
213,0,0.05040912361034093,4917,0
339,0,0.05023505758107526,2215,0
546,0,0.05018149880283967,497,0
276,0,0.05014132971916297,3324,0
364,1,0.04864271054534837,1938,1
261,0,0.04837389003738841,3705,0
388,0,0.04823999309179943,1581,0
441,0,0.04822660339724053,1053,0
335,0,0.04809270645165155,2351,0
269,0,0.04802575797885705,3490,0
265,0,0.04801236828429816,3571,0
302,0,0.04798558889518036,2858,0
205,0,0.04786508164415028,5199,0
323,0,0.047731184698561295,2481,0
438,0,0.046851266921410464,1100,0
222,0,0.046834075163115114,4764,0
207,0,0.04645916371546597,5124,0
230,0,0.04629848738075919,4485,0
376,1,0.04587104377165644,1779,1
291,0,0.04582984807119775,3082,0
406,0,0.04570934082016767,1359,0
220,0,0.045200532426929535,4785,0
206,0,0.04486579006295708,5153,0
547,1,0.044853426985180175,495,1
344,0,0.044517658004425725,2169,0
392,0,0.044223084724129974,1540,0
431,0,0.043781224803686326,1138,0
198,0,0.04372766602545074,5368,0
95,0,0.04348665152339057,9405,0
121,0,0.042843946184563456,8151,0
381,0,0.04277699771176896,1698,0
175,0,0.04266988015529778,5984,0
188,0,0.042509203820591,5706,0
219,0,0.042402086264119815,4800,0
158,0,0.04224140992941304,6411,0
488,1,0.041308959990808615,741,1
250,0,0.04091583016808212,3901,0
172,0,0.03991160307616475,6012,0
469,1,0.0392067779450616,866,1
92,0,0.0380504355324779,9592,0
472,1,0.03565850888695358,849,1
501,1,0.03523003866106883,679,1
512,1,0.03492207568621417,623,1
517,0,0.03489426968031437,587,0
331,0,0.034813931512960986,2397,0
525,0,0.03449257884354743,559,0
292,0,0.03417122617413387,3079,0
486,1,0.03405174553988579,759,1
538,1,0.0339847970670913,509,1
248,0,0.0339703807557504,3927,0
371,0,0.0339569910611915,1868,0
415,1,0.033891069205179015,1280,1
328,0,0.033863263199279216,2421,0
604,0,0.03379631472648472,335,0
449,0,0.03374275594824913,1005,0
497,1,0.03354293714664766,705,1
246,0,0.03196192657191567,4084,0
277,0,0.0317476914589733,3318,0
209,0,0.031627184207943214,5109,0
355,1,0.03141397571178285,2019,1
544,0,0.031332610927647456,500,0
295,0,0.03126566245485297,2991,0
404,1,0.030543645565454466,1390,1
208,0,0.03054261894867246,5119,0
194,0,0.030422111697642376,5545,0
349,0,0.029873134220727553,2079,0
332,0,0.02939110521660722,2383,0
262,0,0.029190259798223744,3673,0
260,0,0.029069752547193663,3743,0
244,0,0.028815348350574595,4155,0
513,0,0.028654672015867817,611,0
150,0,0.028641282321308918,6520,0
479,1,0.028320956268677366,809,1
163,0,0.02823959148454197,6252,0
430,1,0.028200449017647282,1148,1
156,0,0.027998576982481805,6446,0
178,0,0.027931628509687313,5953,0
611,0,0.027797731564098333,331,0
185,0,0.027784341869539434,5765,0
256,0,0.02722197469806571,3770,0
133,0,0.026525710581003004,7427,0
136,0,0.02613740943879496,7165,0
347,0,0.02596334340952928,2094,0
457,0,0.025886807305912345,937,0
670,0,0.025833248527676753,200,0
356,1,0.025053870796306204,2018,1
549,1,0.02342413012385708,490,1
112,0,0.021866096874506434,8368,0
542,1,0.02141567594002235,503,1
576,1,0.021067543881491,408,1
526,1,0.02045161793178168,555,1
587,1,0.020210603429721512,373,1
168,0,0.02013882627640856,6194,0
583,0,0.019727547808819176,383,0
559,0,0.018040446294398004,445,0
598,1,0.01801469352206221,347,1
375,0,0.017745873014102242,1788,0
416,0,0.017745873014102242,1276,0
387,0,0.017411130650129787,1587,0
565,1,0.01691673856823256,431,1
369,0,0.016647918060272594,1881,0
264,0,0.016420293252771324,3587,0
452,1,0.01640793017499443,980,1
210,0,0.015898095164974292,5008,0
489,0,0.015657080662914127,739,0
476,1,0.015604548501460534,830,1
321,0,0.015308948604382772,2498,0
286,0,0.015215220742470486,3128,0
437,0,0.015201831047911587,1100,0
427,0,0.014987595934969216,1187,0
294,0,0.014964618609587874,3020,0
458,0,0.014693022654673454,932,0
603,1,0.014185240878217325,336,1
374,0,0.014144045177758628,1802,0
409,1,0.013729991263214789,1304,1
257,0,0.013728964646432784,3766,0
275,0,0.01368879556275609,3327,0
541,0,0.013354053198783637,503,0
450,1,0.013328300426447842,1000,1
420,1,0.013114065313505473,1244,1
361,0,0.012523892136131948,1975,0
182,0,0.012256098244953982,5833,0
470,1,0.012016110359675819,864,1
221,0,0.01200169404833492,4783,0
243,0,0.011278650542154416,4190,0
624,0,0.011242283522214177,285,0
301,0,0.010756452454357386,2881,0
348,0,0.010301202839354848,2085,0
305,0,0.009805784140675613,2784,0
212,0,0.009270196358319686,4936,0
504,0,0.009189858190966297,651,0
613,1,0.008779606340158912,327,1
785,1,0.008444863976186457,82,1
661,1,0.00797622466662502,207,1
468,1,0.007463614209650433,867,1
304,0,0.007261742174484958,2816,0
564,1,0.007065725436619943,438,1
229,0,0.007047507061542587,4492,0
585,1,0.00686488001823647,377,1
634,1,0.006195395290291561,267,1
532,1,0.005793704453524614,529,1
671,0,0.005083024025121006,199,0
599,1,0.004521683470429286,344,1
809,0,0.004413539297176097,66,0
562,1,0.004186941106456832,439,1
448,0,0.00409218662776254,1016,0
633,1,0.0037986399642487827,272,1
765,1,0.0035576254621886147,96,1
401,0,0.0030745698412862773,1424,0
327,0,0.0029808419793739896,2450,0
333,0,0.0022444087786345902,2376,0
316,0,0.0020837324439278108,2566,0
483,0,0.0020167839711333216,768,0
885,0,0.0018828870255443372,28,0
318,0,0.0015079755778951882,2525,0
342,0,0.0015079755778951882,2177,0
391,0,0.0012000126030405293,1546,0
442,1,0.0008395174667322827,1050,1
945,0,0.0004406020769197865,7,0
519,0,0.00027612367847655497,574,0
350,0,0.0002091752056820632,2069,0
499,0,-0.00016573624196708579,692,0
322,0,-0.0008084415807942001,2489,0
434,1,-0.0008609737422477903,1119,1
326,0,-0.0009289488318242837,2461,0
522,1,-0.0012626645790147356,561,1
382,0,-0.001933175923741648,1643,0
578,0,-0.0019465656183005452,402,0
358,0,-0.0020135140910950387,1998,0
435,0,-0.0020402934802128334,1118,0
749,0,-0.0022009698149196115,108,0
424,1,-0.0024275680056388797,1203,1
287,0,-0.0033524835469848583,3109,0
324,0,-0.003446211408897143,2479,0
343,0,-0.003472990798014941,2176,0
695,0,-0.003687225910957312,162,0
274,0,-0.003740784689192903,3353,0
992,0,-0.003962788872570788,0,0
394,0,-0.004008578580370865,1520,0
440,0,-0.004008578580370865,1059,0
651,1,-0.004432220125737151,229,1
314,0,-0.004477217889932305,2645,0
701,0,-0.004540364298990339,158,0
306,0,-0.004785180864786961,2782,0
720,1,-0.005061535770005367,140,1
412,1,-0.005547366837862158,1297,1
197,0,-0.006124150320676782,5380,0
429,0,-0.006432113295531441,1150,0
231,0,-0.006833804132298388,4471,0
698,1,-0.007297614761341365,161,1
677,1,-0.007377952928694755,188,1
594,0,-0.007673552825772517,350,0
569,0,-0.008182361219010649,422,0
707,1,-0.008583025438995593,151,1
660,1,-0.008904378108409149,215,1
621,0,-0.009226757394604709,290,0
567,0,-0.009333874951075894,423,0
543,0,-0.009869462733431821,501,0
610,1,-0.010323685731652356,332,1
982,0,-0.010523739206430904,0,0
696,0,-0.011261990967557233,162,0
410,1,-0.012041368698927777,1304,1
481,0,-0.012279607754033497,804,0
694,0,-0.013056210038449591,165,0
216,0,-0.01319390904777503,4858,0
627,1,-0.013269418534609962,280,1
753,1,-0.013537212425787924,102,1
516,0,-0.013618577209923316,589,0
482,0,-0.013939929879336871,797,0
453,0,-0.014529076439928394,980,0
510,0,-0.014716532163752967,628,0
117,0,-0.014854231173078401,8232,0
533,1,-0.014969909743590032,521,1
503,1,-0.015599225387858247,657,1
582,1,-0.01563939447153494,385,1
398,0,-0.01589482528493601,1472,0
352,0,-0.01589482528493601,2057,0
669,1,-0.01608125439197858,200,1
485,1,-0.016134813170214174,759,1
529,0,-0.016778545125823288,544,0
422,0,-0.016778545125823288,1231,0
330,0,-0.016966000849647868,2403,0
465,0,-0.017260574129943626,890,0
379,0,-0.017742603134063957,1731,0
455,0,-0.018412087862008868,967,0
729,1,-0.01881275208199381,129,1
523,1,-0.018893090249347204,560,1
612,1,-0.01902698719493618,330,1
548,0,-0.019322587092013947,494,0
293,0,-0.019402925259367335,3042,0
637,1,-0.01956257497729211,261,1
320,0,-0.01972427792878089,2505,0
824,0,-0.019921321283427912,56,0
367,0,-0.01993851304172326,1902,0
249,0,-0.020366983267608007,3918,0
680,1,-0.02055341237465058,183,1
514,0,-0.02068453387328511,607,0
527,1,-0.020727478403916255,549,1
750,1,-0.02084418359120989,107,1
697,1,-0.020978080536798872,161,1
289,0,-0.021090026773788507,3097,0
390,0,-0.021277482497613083,1550,0
251,0,-0.021304261886730878,3829,0
319,0,-0.021518496999673252,2511,0
451,0,-0.0218934084473224,987,0
760,0,-0.021956554856380435,98,0
790,1,-0.02211620457430522,79,1
266,0,-0.022241540505853752,3566,0
820,1,-0.02231704999268869,60,1
360,0,-0.02269679012085629,1994,0
756,1,-0.0229865347206336,100,1
491,1,-0.023177792508194624,733,1
445,1,-0.023445586399372585,1033,1
889,1,-0.023455174030195036,27,1
841,1,-0.02378991639416749,47,1
678,1,-0.023990761812550967,187,1
866,1,-0.024593298067701382,34,1
759,1,-0.024593298067701382,98,1
727,1,-0.025128885850057313,130,1
719,1,-0.0251958343228518,140,1
474,0,-0.02524083208704695,833,0
853,0,-0.025478044525370662,40,0
467,0,-0.025481846589107116,878,0
837,1,-0.025731422105207732,48,1
738,1,-0.025731422105207732,121,1
764,1,-0.02585573141997426,96,1
623,0,-0.025973463224049895,288,0
745,0,-0.02599065498234525,116,0
744,1,-0.02646785530594713,117,1
329,0,-0.02652624276470118,2418,0
778,1,-0.026534803778741622,89,1
580,0,-0.026543434522996526,397,0
652,1,-0.026668700724330606,227,1
783,0,-0.026776844897583786,83,0
767,1,-0.02700344308830306,95,1
873,1,-0.02727123697948102,31,1
737,0,-0.028718350608624023,122,0
699,0,-0.028718350608624023,160,0
571,1,-0.028811051853754314,420,1
645,1,-0.02887800032654881,242,1
659,1,-0.02901189727213779,219,1
545,0,-0.029012923888919784,497,0
439,0,-0.02918698991818546,1074,0
454,0,-0.029387835336568933,974,0
568,0,-0.029454783809363425,423,0
622,1,-0.029681382000082697,289,1
840,0,-0.02972257770054139,47,0
871,1,-0.02994917589126066,32,1
574,1,-0.02994917589126066,413,1
478,0,-0.030231386093779518,816,0
490,0,-0.030258165482897316,736,0
573,0,-0.030284944872015114,416,0
572,0,-0.03052595937407528,417,0
586,1,-0.03075255756479455,375,1
471,0,-0.030793753265253243,855,0
492,0,-0.030860701738047735,721,0
780,0,-0.03087028936887018,88,0
537,0,-0.03106154715643121,512,0
741,1,-0.03128814534715048,118,1
721,1,-0.031555939238328445,139,1
668,0,-0.031690862800699424,201,0
656,1,-0.03182373312950641,221,1
689,0,-0.03182475974628841,172,0
673,1,-0.032292372439067844,194,1
444,0,-0.03249424447423332,1036,0
383,0,-0.03249424447423332,1604,0
983,0,-0.0326339269869083,0,0
407,0,-0.03277542805997018,1358,0
506,0,-0.03277542805997018,643,0
770,0,-0.03282898683820577,93,0
400,0,-0.03284237653276467,1436,0
370,0,-0.03293610439467696,1878,0
558,0,-0.03293610439467696,446,0
518,1,-0.03302880563980725,587,1
602,1,-0.03309575411260174,338,1
910,1,-0.03327940777268985,18,1
459,0,-0.033471692177032886,930,0
657,0,-0.03360558912262186,220,0
554,0,-0.03363236851173966,459,0
835,1,-0.03380920998795979,50,1
550,1,-0.034033032731724616,488,1
864,1,-0.0343505833374017,35,1
956,1,-0.0343505833374017,5,1
414,0,-0.034636595603657026,1283,0
372,0,-0.03467676468733372,1839,0
705,0,-0.03474371316012821,154,0
962,1,-0.034752274174168644,4,1
263,0,-0.0348106616329227,3665,0
919,1,-0.03515396501093559,15,1
535,0,-0.03517218338601295,515,0
954,1,-0.03528786195652457,6,1
862,1,-0.03555565584770254,36,1
869,1,-0.03555565584770254,33,1
446,0,-0.0355738742227799,1023,0
963,1,-0.035689552793291515,4,1
878,1,-0.035689552793291515,30,1
975,1,-0.03595734668446948,2,1
325,0,-0.03601573414322354,2469,0
340,0,-0.03637725589631379,2187,0
733,0,-0.03638105796005025,123,0
989,0,-0.036633643596282385,0,0
808,1,-0.03671097164350425,66,1
461,0,-0.03684589520587523,907,0
863,1,-0.03689462530359235,35,1
940,1,-0.037028522249181337,10,1
829,1,-0.037112662480271195,53,1
947,1,-0.03743021308594828,7,1
530,1,-0.037514353317038146,532,1
309,0,-0.03752876962837903,2702,0
432,0,-0.03758232840661463,1137,0
861,1,-0.03764825026262712,36,1
887,1,-0.03783190392271523,27,1
664,0,-0.03802418832705827,204,0
413,0,-0.03815808527264725,1286,0
258,0,-0.03822503374544174,3760,0
941,1,-0.038233594759482174,9,1
971,1,-0.038233594759482174,3,1
890,1,-0.03836749170507116,27,1
839,0,-0.038368518321853166,48,0
521,0,-0.03876062152779767,573,0
821,1,-0.03930477032419403,59,1
843,0,-0.039305796940976044,46,0
311,0,-0.03936315778294809,2666,0
524,0,-0.03940332686662479,560,0
782,1,-0.03943866726978301,85,1
245,0,-0.03945688564486038,4128,0
763,0,-0.039573590832154004,96,0
803,1,-0.03997425505213894,68,1
916,0,-0.04005561983627434,16,0
771,0,-0.040684935480542556,93,0
731,1,-0.04077763672567283,127,1
810,1,-0.04077763672567283,65,1
419,0,-0.04083602418442689,1247,0
712,1,-0.04091153367126182,144,1
813,0,-0.04126069234657518,62,0
746,1,-0.041447121453617744,112,1
581,0,-0.04189000799084339,392,0
686,0,-0.04189000799084339,175,0
787,1,-0.04198270923597367,81,1
845,0,-0.04202390493643238,45,0
830,1,-0.04225050312715163,53,1
779,0,-0.04251932363511161,88,0
505,0,-0.04267041233899595,651,0
801,1,-0.043053884800685525,69,1
616,0,-0.043054911417467534,316,0
893,1,-0.04332167869186349,27,1
976,1,-0.04345557563745247,2,1
897,1,-0.04412506036539738,25,1
859,1,-0.04412506036539738,36,1
886,1,-0.04412506036539738,28,1
795,0,-0.04434032209512176,74,0
642,0,-0.04447421904071074,251,0
984,1,-0.04452675120216433,0,1
818,0,-0.04456794690262303,60,0
978,1,-0.04479454509334229,2,1
649,0,-0.044835740793800996,236,0
938,1,-0.04506233898452026,10,1
675,1,-0.04533013287569822,190,1
584,0,-0.04541149765983362,379,0
987,0,-0.04547084200515519,0,0
758,1,-0.045865720658054145,99,1
777,1,-0.04599961760364313,89,1
368,0,-0.04613454116601412,1896,0
718,0,-0.046308607195279794,142,0
846,1,-0.04640130844041007,44,1
838,1,-0.04640130844041007,48,1
579,0,-0.04644250414086878,397,0
768,1,-0.046535205385999055,94,1
662,0,-0.046536232002781064,206,0
925,0,-0.046626157800956906,13,0
794,1,-0.04666910233158804,74,1
515,0,-0.046750467115723435,598,0
832,1,-0.04680299927717702,52,1
772,1,-0.04680299927717702,92,1
477,0,-0.04684419497763572,819,0
903,0,-0.04689395169213487,22,0
915,1,-0.046936896222766,17,1
674,1,-0.046936896222766,191,1
881,1,-0.046936896222766,29,1
653,0,-0.0470182610069014,225,0
639,0,-0.047152157952490385,258,0
851,1,-0.047204690113943966,42,1
708,1,-0.04733858705953295,150,1
788,1,-0.047472484005121926,80,1
703,1,-0.047472484005121926,155,1
847,1,-0.04760638095071091,43,1
608,0,-0.0477413045130819,334,0
534,0,-0.0477413045130819,517,0
706,0,-0.04791537054234758,152,0
600,0,-0.048089436571613256,340,0
913,1,-0.04814196873306684,17,1
552,0,-0.04827689229543783,468,0
629,0,-0.048317061379114526,274,0
715,0,-0.048317061379114526,143,0
710,1,-0.04854365956983379,147,1
901,1,-0.04854365956983379,22,1
814,1,-0.04867755651542277,62,1
700,0,-0.04875892129955817,160,0
614,0,-0.04875892129955817,320,0
418,0,-0.04889281824514715,1255,0
589,0,-0.04908027396897172,370,0
425,0,-0.04916061213632511,1200,0
625,0,-0.0492543399982374,283,0
557,0,-0.04948196480573867,451,0
799,0,-0.04978992778059333,71,0
592,0,-0.05036568464662595,363,0
428,0,-0.05049958159221493,1168,0
498,0,-0.05055314037045052,693,0
739,0,-0.05082093426162849,120,0
553,0,-0.05082093426162849,460,0
460,0,-0.05103516937457086,924,0
937,1,-0.051087701536024446,11,1
855,0,-0.0511117054781878,38,0
655,0,-0.05116906632015984,224,0
411,0,-0.0514904189895734,1297,0
405,0,-0.05166448501883907,1381,0
791,0,-0.05231677798848864,77,0
378,0,-0.05233396974678398,1732,0
742,0,-0.05242769760869627,118,0
717,0,-0.05260176363796195,143,0
443,0,-0.05282938844546322,1042,0
466,0,-0.05286955752913991,882,0
882,0,-0.052986262716433544,29,0
620,1,-0.053230052665448155,295,1
966,1,-0.053230052665448155,4,1
666,0,-0.053498873173408124,203,0
303,0,-0.053940733093851764,2817,0
426,0,-0.05403446095576406,1198,0
487,0,-0.0544763208762077,752,0
395,0,-0.054610217821796675,1506,0
769,0,-0.05465997453629582,93,0
784,0,-0.054793871481884804,83,0
626,0,-0.054837842629297945,282,0
812,0,-0.054994716900268276,64,0
606,0,-0.055052077742240316,334,0
826,1,-0.05523850684928288,54,1
617,1,-0.05523850684928288,312,1
423,0,-0.055279702549741586,1210,0
628,0,-0.05545376857900726,274,0
852,0,-0.0555972531554187,41,0
593,0,-0.0555972531554187,351,0
679,1,-0.05577409463163881,185,1
283,0,-0.05577512124842082,3133,0
972,0,-0.056048700706684766,2,0
380,0,-0.05621698116886446,1711,0
985,1,-0.05684527019635067,0,1
555,0,-0.05700317108410301,454,0
732,0,-0.05713706802969199,126,0
950,0,-0.057521567108163564,6,0
991,0,-0.057923257944930515,0,0
816,0,-0.05807434664881486,61,0
473,0,-0.0581852662690225,840,0
850,0,-0.058944676795143244,42,0
961,0,-0.05899443350964237,5,0
630,0,-0.059162713971822066,274,0
636,0,-0.0592794191591157,261,0
725,0,-0.05934636763191019,133,0
646,0,-0.05934636763191019,241,0
761,0,-0.05941331610470468,97,0
935,0,-0.059797815183176256,11,0
815,0,-0.060082800832649594,62,0
688,0,-0.060283646251033066,174,0
716,0,-0.06088618250618348,143,0
747,0,-0.060953130978977976,111,0
781,0,-0.06115397639736145,85,0
844,0,-0.061287873342950425,45,0
615,0,-0.061689564179717375,317,0
644,0,-0.061756512652511864,249,0
665,0,-0.06182346112530636,204,0
775,0,-0.06189040959810085,90,0
480,0,-0.06209125501648432,805,0
722,0,-0.062158203489278814,135,0
647,0,-0.06229210043486779,240,0
654,0,-0.06255989432604575,224,0
641,0,-0.06276073974442924,252,0
663,0,-0.06289463669001821,204,0
920,0,-0.06301134187731183,15,0
894,0,-0.06309548210840168,26,0
682,0,-0.06316243058119618,178,0
507,0,-0.06316243058119618,641,0
494,0,-0.06316243058119618,715,0
672,0,-0.06322937905399066,196,0
724,0,-0.06349717294516863,134,0
691,0,-0.06356412141796312,168,0
278,0,-0.06398300401302541,3315,0
595,0,-0.06430055461870252,350,0
588,0,-0.0644344515642915,373,0
979,0,-0.06461810522437961,2,0
914,0,-0.06461810522437961,17,0
551,0,-0.06470224545546947,471,0
723,0,-0.06503698781944192,134,0
800,0,-0.0652378332378254,70,0
502,0,-0.06537173018341438,660,0
921,0,-0.06542148689791351,14,0
953,0,-0.06555538384350248,6,0
960,0,-0.06555538384350248,5,0
631,0,-0.06570647254738683,272,0
687,0,-0.0659073179657703,174,0
792,0,-0.0659742664385648,77,0
766,0,-0.06610816338415378,95,0
867,0,-0.06617511185694827,33,0
635,0,-0.06617511185694827,266,0
539,0,-0.06624206032974277,508,0
436,0,-0.06624206032974277,1114,0
917,1,-0.06635195333316839,16,1
957,0,-0.06662655940821434,5,0
618,0,-0.06664375116650971,312,0
475,0,-0.06664375116650971,832,0
895,0,-0.06676045635380332,26,0
798,0,-0.06677764811209869,72,0
959,0,-0.0668943532993923,5,0
511,0,-0.06704544200327665,628,0
802,0,-0.06717933894886563,68,0
563,0,-0.06731323589445462,439,0
776,0,-0.06731323589445462,89,0
597,0,-0.06751408131283809,347,0
433,0,-0.06764797825842707,1131,0
556,0,-0.06771492673122156,454,0
955,0,-0.06796552886410416,5,0
804,0,-0.06804966909519401,68,0
693,0,-0.06811661756798851,165,0
658,0,-0.068183566040783,219,0
456,0,-0.06838441145916647,951,0
735,0,-0.06885305076872791,122,0
974,0,-0.06890280748322704,2,0
986,0,-0.06903670442881601,0,0
934,0,-0.06917060137440499,11,0
968,0,-0.06917060137440499,4,0
591,0,-0.06925474160549486,365,0
823,0,-0.06932169007828934,59,0
970,0,-0.06943839526558296,3,0
728,0,-0.06985727786064527,129,0
560,0,-0.06999117480623425,442,0
463,0,-0.06999117480623425,896,0
967,0,-0.07037567388470584,4,0
981,0,-0.07037567388470584,1,0
912,0,-0.07050957083029481,17,0
609,0,-0.07072760800697366,334,0
447,0,-0.07086150495256263,1019,0
684,0,-0.07086150495256263,177,0
848,0,-0.07086150495256263,42,0
977,1,-0.07184172810231665,2,1
948,0,-0.0721163341773626,7,0
908,0,-0.0721163341773626,19,0
969,0,-0.07225023112295158,4,0
632,0,-0.07233437135404144,272,0
923,0,-0.07238412806854057,13,0
575,0,-0.07240131982683592,411,0
854,0,-0.07318750974207446,40,0
936,0,-0.07345530363325242,11,0
762,0,-0.07360639233713677,96,0
601,0,-0.07367334080993126,338,0
786,0,-0.07399089141560834,82,0
817,0,-0.07425868530678631,60,0
842,0,-0.07425868530678631,47,0
918,0,-0.07439258225237529,16,0
570,0,-0.07447672248346515,421,0
883,0,-0.07447672248346515,28,0
640,0,-0.07447672248346515,253,0
865,0,-0.07492817003473122,34,0
905,0,-0.0750620669803202,20,0
931,0,-0.07519596392590919,12,0
924,0,-0.07519596392590919,13,0
667,0,-0.07528010415699904,203,0
964,0,-0.07532986087149816,4,0
927,0,-0.07559765476267613,13,0
736,0,-0.07594958888494395,122,0
880,0,-0.07599934559944307,30,0
338,0,-0.07601653735773845,2224,0
711,0,-0.07613324254503205,146,0
907,0,-0.07613324254503205,19,0
872,0,-0.07640103643621002,31,0
868,0,-0.07641822819450539,33,0
500,0,-0.07661907361288886,692,0
973,0,-0.07693662421856595,2,0
805,0,-0.07707052116415493,68,0
944,0,-0.07707052116415493,8,0
827,0,-0.0772044181097439,54,0
928,0,-0.0772044181097439,13,0
796,0,-0.0773383150553329,73,0
748,0,-0.07774000589209984,111,0
932,0,-0.07787390283768882,12,0
898,0,-0.07787390283768882,24,0
860,0,-0.07814169672886678,36,0
876,0,-0.07814169672886678,31,0
648,0,-0.07827559367445577,240,0
819,0,-0.07827559367445577,60,0
958,0,-0.07827559367445577,5,0
754,0,-0.07827559367445577,101,0
930,0,-0.07867728451122272,12,0
900,0,-0.0788111814568117,23,0
833,0,-0.07894507840240068,51,0
899,0,-0.07907897534798966,24,0
858,0,-0.07907897534798966,36,0
740,0,-0.07907897534798966,119,0
807,0,-0.07921287229357864,67,0
836,0,-0.07921287229357864,49,0
990,0,-0.07921287229357864,0,0
596,0,-0.07934676923916763,350,0
685,0,-0.07934676923916763,175,0
743,0,-0.0794806661847566,117,0
906,0,-0.0794806661847566,20,0
946,0,-0.0794806661847566,7,0
734,0,-0.0796145631303456,123,0
709,0,-0.0796145631303456,149,0
704,0,-0.07974846007593457,155,0
896,0,-0.07974846007593457,26,0
773,0,-0.07974846007593457,91,0
822,0,-0.08028404785829049,59,0
650,0,-0.08028404785829049,233,0
806,0,-0.08041794480387948,68,0
834,0,-0.08055184174946846,50,0
540,0,-0.08055184174946846,506,0
566,0,-0.08068573869505744,425,0
755,0,-0.08081963564064643,101,0
856,0,-0.08081963564064643,37,0
904,0,-0.08081963564064643,21,0
884,0,-0.08135522342300235,28,0
877,0,-0.08135522342300235,30,0
892,0,-0.08162301731418031,27,0
752,0,-0.0817569142597693,106,0
577,0,-0.0817569142597693,406,0
730,0,-0.08189081120535828,127,0
929,0,-0.08202470815094726,12,0
757,0,-0.08215860509653625,100,0
726,0,-0.08215860509653625,131,0
605,0,-0.08215860509653625,335,0
793,0,-0.08256029593330319,76,0
857,0,-0.08256029593330319,37,0
774,0,-0.08256029593330319,90,0
607,0,-0.08269419287889217,334,0
874,0,-0.08269419287889217,31,0
849,0,-0.08269419287889217,42,0
536,0,-0.08282808982448116,515,0
528,0,-0.08282808982448116,545,0
702,0,-0.08282808982448116,157,0
520,0,-0.08282808982448116,573,0
751,0,-0.08309588371565912,107,0
825,0,-0.0832297806612481,55,0
943,0,-0.08349757455242607,8,0
942,0,-0.08349757455242607,8,0
922,0,-0.08363147149801504,13,0
933,0,-0.08363147149801504,11,0
690,0,-0.08376536844360402,170,0
692,0,-0.08376536844360402,167,0
683,0,-0.08389926538919301,177,0
714,0,-0.08389926538919301,144,0
561,0,-0.08389926538919301,440,0
926,0,-0.08416705928037098,13,0
891,0,-0.08430095622595996,27,0
909,0,-0.08456875011713792,18,0
875,0,-0.08456875011713792,31,0
939,0,-0.08456875011713792,10,0
464,0,-0.08497044095390487,896,0
713,0,-0.08510433789949384,144,0
676,0,-0.08537213179067181,190,0
988,0,-0.08537213179067181,0,0
797,0,-0.08537213179067181,73,0
495,0,-0.08537213179067181,714,0
828,0,-0.08550602873626079,53,0
888,0,-0.08577382262743875,27,0
949,0,-0.08617551346420571,7,0
951,0,-0.08617551346420571,6,0
870,0,-0.08630941040979469,32,0
681,0,-0.08644330735538366,180,0
496,0,-0.08657720430097265,706,0
643,0,-0.08671110124656163,250,0
811,0,-0.08671110124656163,64,0
879,0,-0.08724668902891755,30,0
911,0,-0.08858565848480737,18,0
484,0,-0.08898734932157433,767,0
965,0,-0.0891212462671633,4,0
638,0,-0.08938904015834126,261,0
831,0,-0.09126359739658702,52,0
980,0,-0.09474491798190054,2,0
590,0,-0.09474491798190054,370,0
902,0,-0.09541440270984546,22,0
789,0,-0.09621778438337934,80,0
952,0,-0.15847986408225595,6,0
