Position,Group 0,Group 1
1,5.418103448275862,0.0
2,5.418103448275862,0.0
3,5.418103448275862,0.0
4,5.418103448275862,0.0
5,5.418103448275862,0.0
6,5.418103448275862,0.0
7,5.418103448275862,0.0
8,5.418103448275862,0.0
9,5.418103448275862,0.0
10,5.418103448275862,0.0
11,5.418103448275862,0.0
12,4.966594827586206,0.1021951219512195
13,5.00132625994695,0.09433395872420262
14,4.644088669950738,0.175191637630662
15,4.695689655172414,0.1635121951219512
16,4.402209051724138,0.22993902439024388
17,4.143255578093306,0.2885509325681492
18,3.9130747126436782,0.34065040650406503
19,3.9922867513611613,0.3227214377406932
20,3.7926724137931034,0.3679024390243902
21,3.612068965517241,0.408780487804878
22,3.694161442006269,0.3901995565410199
23,3.5335457271364317,0.42655355249204663
24,3.3863146551724137,0.45987804878048777
25,3.4675862068965517,0.44148292682926826
26,3.3342175066313,0.47166979362101313
27,3.4113984674329503,0.45420054200542
28,3.289562807881773,0.4817770034843205
29,3.362960760998811,0.4651640033641715
30,3.250862068965517,0.49053658536585365
31,3.320773081201335,0.4747128245476003
32,3.3863146551724137,0.45987804878048777
33,3.447884012539185,0.4459423503325942
34,3.346475659229209,0.4688952654232424
35,3.405665024630542,0.45549825783972125
36,3.4615660919540225,0.4428455284552845
37,3.5144454799627214,0.4308767303889255
38,3.564541742286752,0.41953786906290114
39,3.4731432360742707,0.44022514071294555
40,3.5217672413793104,0.4292195121951219
41,3.5680193439865433,0.41875074360499703
42,3.612068965517241,0.408780487804878
43,3.5280673616680036,0.42779353374929097
44,3.571022727272727,0.41807095343680706
45,3.4916666666666667,0.43603252032520323
46,3.5335457271364317,0.42655355249204663
47,3.573642699926632,0.41747794499221585
48,3.612068965517241,0.408780487804878
49,3.5383532723434197,0.4254654056744649
50,3.575948275862069,0.4169560975609756
51,3.612068965517241,0.408780487804878
52,3.542606100795756,0.4245028142589118
53,3.4757644762524396,0.43963184537505745
54,3.4113984674329503,0.45420054200542
55,3.447884012539185,0.4459423503325942
56,3.4830665024630543,0.43797909407665503
57,3.5170145190562616,0.4302952503209242
58,3.456376337693223,0.44402018502943646
59,3.3977936879018116,0.45727986771393137
60,3.3411637931034486,0.47009756097560973
61,3.286390616167326,0.48249500199920026
62,3.320773081201335,0.4747128245476003
63,3.354064039408867,0.467177700348432
64,3.301656788793103,0.47903963414634143
65,3.250862068965517,0.49053658536585365
66,3.2836990595611284,0.48310421286031036
67,3.2346886258363354,0.49419730615216595
68,3.1871196754563895,0.504964131994261
69,3.219452773613193,0.4976458112407211
70,3.173460591133005,0.5080557491289198
71,3.2050752792617776,0.5009000343524562
72,3.235811781609195,0.49394308943089427
73,3.1914855928200283,0.5039759438690277
74,3.148357409133271,0.5137376400791035
75,3.1786206896551725,0.5068878048780487
76,3.208087568058076,0.5002182284980744
77,3.166424093148231,0.5096484003801077
78,3.195291777188329,0.5031144465290807
79,3.1548450458315145,0.5122692188947205
80,3.1154094827586203,0.5211951219512194
81,3.143837803320562,0.5147606142728093
82,3.1715727502102604,0.5084830458060677
83,3.133361030328209,0.5171319424037614
84,3.1605603448275863,0.5109756097560976
85,3.1871196754563895,0.504964131994261
86,3.2130613472333605,0.49909245604083946
87,3.238406658739596,0.4933557611438183
88,3.2016065830721003,0.5016851441241685
89,3.226511042231693,0.49604823239243623
90,3.250862068965517,0.49053658536585365
91,3.2746779082985977,0.4851460734387563
92,3.2979760119940034,0.4798727465535525
93,3.2625139043381535,0.4878992918961447
94,3.2278063096111516,0.4957550596782563
95,3.250862068965517,0.49053658536585365
96,3.2734374999999996,0.4854268292682926
97,3.2955474582296476,0.4804224289665577
98,3.2619194229415904,0.4880338476854156
99,3.2836990595611284,0.48310421286031036
100,3.250862068965517,0.49053658536585365
101,3.2186753158074426,0.4978217821782178
102,3.1871196754563895,0.504964131994261
103,3.156176765985939,0.5119677954061094
104,3.1779260610079576,0.507045028142589
105,3.1992610837438424,0.5022160278745644
106,3.169079375406636,0.5090473999079613
107,3.139461811150499,0.5157510827444722
108,3.110392720306513,0.522330623306233
109,3.0818570072761786,0.5287894383530991
110,3.0538401253918495,0.535130820399113
111,3.026328052190121,0.5413579433091628
112,2.9993072660098523,0.5474738675958188
113,2.9727647238327735,0.5534815454349233
114,2.9942150635208713,0.5486264441591784
115,2.9681784107946023,0.5545196182396607
116,2.9892984542211654,0.5497392767031118
117,3.0100574712643677,0.545040650406504
118,3.030464640561075,0.5404216618437371
119,3.004998551144596,0.546185693789711
120,3.0251077586206896,0.5416341463414633
121,3.0001068680535767,0.5472928844990929
122,2.975515828151498,0.552858856457417
123,2.95132464255677,0.5583343248066627
124,2.971218020022247,0.553831628638867
125,2.9474482758620693,0.5592117073170731
126,2.924055829228243,0.564506387921022
127,2.901031767580777,0.5697176877280583
128,2.920696390086207,0.5652667682926829
129,2.8980553327987164,0.570391378332388
130,2.875762599469496,0.575437148217636
131,2.8538102132140035,0.5804058834481475
132,2.832190438871473,0.58529933481153
133,2.8516333938294007,0.5808985879332477
134,2.8707861554297476,0.5765635238441936
135,2.889655172413793,0.5722926829268292
136,2.8684077079107504,0.5771018651362984
137,2.8870186257236345,0.5728894427630407
138,2.8660982008995504,0.5776246023329797
139,2.884457950880675,0.5734690296543252
140,2.8638546798029556,0.5781324041811846
141,2.843543653705062,0.5827296315516346
142,2.86167435648373,0.5786259017519753
143,2.8795514829997586,0.5745795667746887
144,2.8595545977011496,0.5791056910569106
145,2.839833531510107,0.5835693860386879
146,2.857492914501653,0.5795723354493818
147,2.874912033779029,0.5756296665007467
148,2.892095759552656,0.5717402768622281
149,2.87268572089794,0.576133573416271
150,2.8535344827586204,0.5804682926829268
151,2.87051838319251,0.5766241318042319
152,2.8872788112522687,0.5728305519897304
153,2.8684077079107504,0.5771018651362984
154,2.884964173757277,0.5733544504276211
155,2.9013070077864294,0.5696553894571204
156,2.8827088859416445,0.5738649155722326
157,2.864347682846475,0.5780208171508466
158,2.8805106940200784,0.574362457548626
159,2.8964703968770333,0.5707501150483203
160,2.8783674568965516,0.5748475609756097
161,2.8941422146069824,0.5712770792304196
162,2.9097222222222223,0.567750677506775
163,2.891871165644172,0.5717911117761484
164,2.874237804878049,0.5757822724568709
165,2.8568181818181815,0.5797250554323724
166,2.8396084337349397,0.5836203349985306
167,2.855048523642371,0.5801256024536293
168,2.8380541871921183,0.58397212543554
169,2.8212609671495614,0.5877731274354163
170,2.804665314401623,0.5915294117647059
171,2.788263762855414,0.5952417629439452
172,2.77205292702486,0.5989109472490073
173,2.7560294997010164,0.602537713238404
174,2.7713287752675386,0.5990748528174936
175,2.786453201970443,0.5956515679442508
176,2.7706210815047023,0.5992350332594235
177,2.754967855055523,0.6027780074410913
178,2.7699292909724913,0.5993916141408604
179,2.7847235600077056,0.5960430576372803
180,2.769252873563218,0.5995447154471544
181,2.7539531339302727,0.6030076809055384
182,2.738821523304282,0.6064325917984454
183,2.723855285472018,0.6098200719712115
184,2.709051724137931,0.6131707317073171
185,2.694408201304753,0.6164851680949242
186,2.6799221357063403,0.6197639653815893
187,2.6655910012907986,0.6230076953175949
188,2.6802320249449743,0.6196938245978204
189,2.6660509031198685,0.622903600464576
190,2.6520190562613433,0.6260795892169448
191,2.6381341397364144,0.6292223215425871
192,2.6243938577586206,0.6323323170731707
193,2.6107959621225656,0.6354100846707949
194,2.597338250977604,0.638456122705557
195,2.5840185676392573,0.6414709193245779
196,2.598478184377199,0.6381981085116973
197,2.6127910029756696,0.6349585242045314
198,2.5995950888192265,0.6379453067257945
199,2.5865317969156125,0.6409020713322712
200,2.5735991379310343,0.6438292682926829
201,2.5877509006690684,0.6406261376046596
202,2.6017625469443493,0.6374547210818643
203,2.61563614744352,0.6343145500420522
204,2.6293737322515214,0.6312051649928263
205,2.616547518923465,0.6341082688875669
206,2.6038458319383997,0.6369831873076012
207,2.5912668665667167,0.6398303287380699
208,2.5788088527851456,0.6426500938086304
209,2.566470054446461,0.6454428754813863
210,2.5542487684729065,0.6482090592334494
211,2.542143324072561,0.6509490232343081
212,2.530152081977879,0.6536631385181777
213,2.543710539096649,0.6505942974922706
214,2.531824041250403,0.6532847048096648
215,2.5200481154771452,0.6559500850822461
216,2.50838122605364,0.6585907859078591
217,2.4968218655649133,0.6612071484770147
218,2.4853685542549826,0.6637995077198477
219,2.4740198393953707,0.6663681924490478
220,2.4627742946708464,0.6689135254988913
221,2.4761468247776564,0.6658867674649597
222,2.464993010251631,0.6684113381674357
223,2.453939229936601,0.6709132669802034
224,2.44298414408867,0.6733928571428571
225,2.456206896551724,0.6703999999999999
226,2.445338724443088,0.6728599179797107
227,2.4345663071547925,0.6752981626732566
228,2.423888384754991,0.6777150192554557
229,2.4133037193193796,0.6801107679199062
230,2.4028110944527734,0.6824856839872746
231,2.392409314823108,0.6848400380107696
232,2.405451099881094,0.681888141295206
233,2.418380938286222,0.6789615827488746
234,2.408045977011494,0.6813008130081301
235,2.3977989728539986,0.6836201349247535
236,2.3876388077147865,0.6859198015708969
237,2.377564382365779,0.688200061747453
238,2.390339756592292,0.6853084648493544
239,2.380338335016592,0.6875722012450249
240,2.3704202586206895,0.6898170731707317
241,2.36058448991272,0.6920433154539014
242,2.3508300085494445,0.6942511590405159
243,2.363452532992763,0.6913941583860282
244,2.3537662521198417,0.6935865653738503
245,2.344159042927516,0.695761075161772
246,2.3566547518923464,0.6929327781082689
247,2.347113639536507,0.695092327441493
248,2.3376494716351504,0.697234461054288
249,2.328261321146656,0.6993593887746106
250,2.318948275862069,0.7014673170731707
251,2.3097094381096306,0.7035584491303081
252,2.3005439244663384,0.7056329849012775
253,2.2914508654763526,0.7076911211799864
254,2.282429405376052,0.7097330516612252
255,2.2947261663286005,0.7069497847919655
256,2.2857623922413794,0.7089786585365854
257,2.2768683751509458,0.7109917433804689
258,2.2680433039294305,0.7129892229154849
259,2.2802056983091465,0.710236368772954
260,2.271435676392573,0.7122213883677299
261,2.262732857709077,0.7141911970843846
262,2.2540964727559887,0.7161459690932787
263,2.2455257637341024,0.7180858759157933
264,2.237019984326019,0.7200110864745011
265,2.2490240728692257,0.7172940635066727
266,2.2609379051075966,0.7145974692829635
267,2.272762495156916,0.7119210742669224
268,2.264282038085435,0.7138405533309065
269,2.2558646327393923,0.7157457611750838
270,2.247509578544061,0.7176368563685636
271,2.2392161852653008,0.7195139951399514
272,2.2309837728194726,0.721377331420373
273,2.2426582038651004,0.7187349236129724
274,2.2344733199093882,0.7205875022253871
275,2.226347962382445,0.7224266075388026
276,2.218281484257871,0.7242523860021208
277,2.229833188099091,0.7216377564497667
278,2.2218122054080873,0.7234532374100718
279,2.21384872080089,0.7252557041699449
280,2.205942118226601,0.7270452961672473
281,2.1980917904037307,0.7288221508549604
282,2.19029713866471,0.7305864037363777
283,2.182557572803704,0.7323381883995518
284,2.174872510927635,0.7340776365510133
285,2.1862522686025407,0.7315019255455711
286,2.1786080299011332,0.7332321337199386
287,2.1710170611558333,0.7349502846944845
288,2.1634788074712645,0.7366565040650406
289,2.155992721632263,0.7383509156890876
290,2.1485582639714624,0.7400336417157274
291,2.1411749022396016,0.7417048026150364
292,2.1338421114785073,0.7433645172068158
293,2.1265593738966695,0.7450129026887539
294,2.119326178747361,0.7466500746640119
295,2.1121420222092344,0.7482761471682513
296,2.105006407269338,0.7498912326961107
297,2.097918843608499,0.7514954422271495
298,2.090878847489007,0.7530888852512685
299,2.0838859416445623,0.754671669793621
300,2.076939655172414,0.7562439024390244
301,2.070039523427655,0.7578056883558869
302,2.0631850879196163,0.7593571313196575
303,2.0563758962103105,0.7608983337358125
304,2.0496115018148817,0.7624293966623876
305,2.0428914641040135,0.7639504198320671
306,2.036215348208249,0.7654615016738402
307,2.029582724924183,0.7669627393342336
308,2.022993170622481,0.7684542286981311
309,2.0339805825242716,0.7659673218091404
310,2.0274193548387096,0.7674523996852872
311,2.0209003215434085,0.7689279272213942
312,2.014423076923077,0.7703939962476547
313,2.0079872204472844,0.7718506974207121
314,2.001592356687898,0.7732981202423488
315,1.9952380952380953,0.7747363530778164
316,2.006069947621126,0.7722846557579499
317,1.9997416512563906,0.7737170116180656
318,1.9934531554977226,0.7751403589507593
319,1.987204086044752,0.7765547824757244
320,1.980994073275862,0.7779603658536585
321,1.9748227521753141,0.7793571917027581
322,1.9686897622617263,0.7807453416149068
323,1.962594747517882,0.7821248961715623
324,1.9565373563218391,0.7834959349593494
325,1.9671883289124668,0.7810851782363977
326,1.961154008885128,0.7824509950620978
327,1.9551565960139194,0.7838084582680689
328,1.9491957527333894,0.7851576442593694
329,1.9597395451210566,0.7827711468604047
330,1.9538009404388714,0.7841152993348115
331,1.9478982185644338,0.7854513300420013
332,1.942031055255505,0.786779312371437
333,1.9361991301646473,0.788099318831026
334,1.9304021267809208,0.7894114210603184
335,1.9246397323726196,0.7907156898434655
336,1.9189116379310345,0.7920121951219512
337,1.9132175381152152,0.7933010060070926
338,1.9075571311977149,0.7945821907923221
339,1.901930119011291,0.7958558169652493
340,1.9122718052738337,0.7935150645624103
341,1.9066639700677521,0.7947843501895429
342,1.9169313369630974,0.7924604193410355
343,1.9113426158640798,0.7937253786532034
344,1.905786387329591,0.7949829835507657
345,1.9002623688155922,0.7962332979851536
346,1.894770281044449,0.797476385168476
347,1.904923978932724,0.7951781823293738
348,1.8994500594530321,0.796417157275021
349,1.8940075091394133,0.7976490320777133
350,1.904076354679803,0.7953700348432056
351,1.8986516357206011,0.7965978736710444
352,1.893257739028213,0.7978187361419068
353,1.8878944026570283,0.7990326815449457
354,1.8825613676212742,0.8002397684993799
355,1.8772583778533267,0.8014400549639299
356,1.8719851801627276,0.8026335982460947
357,1.8819182845552014,0.8003853248616519
358,1.8766615295704103,0.8015751464777218
359,1.87143406012871,0.8027583395611114
360,1.866235632183908,0.8039349593495935
361,1.8610660043939249,0.8051050604688871
362,1.8559249380834446,0.806268696941113
363,1.8508121972071816,0.8074259221931062
364,1.8457275483137552,0.8085767890645938
365,1.8406707605101558,0.8097213498162378
366,1.8504451667608819,0.8075089964014394
367,1.8454030818378275,0.8086502292815843
368,1.8403883995502248,0.8097852598091198
369,1.8500841042893188,0.8075907198096371
370,1.8450838769804287,0.8087224785761371
371,1.840110605074821,0.8098481362172111
372,1.8497288654060065,0.8076711250983477
373,1.8447698067856153,0.808793565683646
374,1.8398372671952794,0.8099100039128733
375,1.8349310344827587,0.811020487804878
376,1.8444607483492297,0.8088635184224181
377,1.8539399067044726,0.8067179918483535
378,1.8490353037766831,0.8078281068524971
379,1.8441565826585389,0.8089323637299697
380,1.8393035390199637,0.8100308087291399
381,1.8344759706760794,0.8111234876128289
382,1.8296736775591262,0.812210445664666
383,1.8248964616908256,0.8132917276953447
384,1.8201441271551724,0.8143673780487805
385,1.8154164800716526,0.8154374406081722
386,1.8107133285688763,0.8165019588019714
387,1.8060344827586206,0.817560975609756
388,1.8153439388553145,0.815453859693236
389,1.824605531424519,0.8133575772775722
390,1.8199270557029177,0.8144165103189492
391,1.8152725108034218,0.8154700268230304
392,1.8106417135819846,0.8165181682429069
393,1.8198210055277704,0.8144405138707875
394,1.8152021704883599,0.8154859477528785
395,1.810606721955478,0.8165260882988576
396,1.8060344827586206,0.817560975609756
397,1.801485277512377,0.8185906493825643
398,1.7969589325940045,0.8196151489153082
399,1.7924552761213377,0.8206345131120484
400,1.7879741379310345,0.8216487804878049
401,1.797026829478029,0.8195997810352168
402,1.7925566134843025,0.8206115762650164
403,1.7881085821853342,0.8216183501785389
404,1.7836825708432913,0.8226201400627867
405,1.7792784163473818,0.823616982836495
406,1.7748959571938168,0.8246089150546677
407,1.7705350334660679,0.8255959729130461
408,1.766195486815416,0.8265781922525107
409,1.761877160441784,0.8275556085634206
410,1.7707947855340622,0.8255371802498512
411,1.7664862824062422,0.8265123731529285
412,1.7621986943421495,0.8274828321098745
413,1.7579318694163815,0.8284485915077067
414,1.7536856571714143,0.8294096854012017
415,1.7494599085999167,0.8303661475168969
416,1.745254476127321,0.8313180112570356
417,1.7410692135946415,0.8322653097034567
418,1.7369039762415444,0.833208075621426
419,1.732758620689655,0.8341463414634146
420,1.7286330049261083,0.8350801393728223
421,1.724526988287329,0.8360095011876485
422,1.7204404314430461,0.8369344584441105
423,1.716373196380533,0.8378550423802109
424,1.7251036922576448,0.8358789691670501
425,1.7210446247464501,0.8367977044476327
426,1.7297231665857211,0.834833390587427
427,1.7256722926592911,0.8357502713200433
428,1.7216403480502738,0.8366628675632549
429,1.7176272003858208,0.8375712092785262
430,1.7136327185244586,0.8384753261486102
431,1.7096567725418033,0.8393752475807821
432,1.7182411398467434,0.8374322493224932
433,1.7142729155052958,0.8383304230270939
434,1.7103229779119657,0.8392244576823648
435,1.7063912009512483,0.8401143818334734
436,1.702477459664663,0.8410002237637055
437,1.6985816302375127,0.8418820114974604
438,1.6947035899858292,0.8427597728032075
439,1.7031851386379704,0.8408400466692594
440,1.7116281347962383,0.8389290465631929
441,1.7077468918601924,0.8398075327692052
442,1.7038832111093773,0.8406820439245116
443,1.7000369736125165,0.8415526069481913
444,1.6962080615097856,0.8424192485168094
445,1.6923963580007748,0.8432819950671416
446,1.6886017473326118,0.8441408727988624
447,1.6848241147882432,0.8449959076771975
448,1.6810633466748768,0.8458471254355401
449,1.677319330312572,0.8466945515780324
450,1.685632183908046,0.8448130081300812
451,1.681894640263017,0.8456589692282731
452,1.690160588953311,0.8437880423052018
453,1.6983900433889014,0.841925375545146
454,1.7065832447212517,0.8400709143655313
455,1.702832512315271,0.8409198606271776
456,1.699098230490018,0.841765083440308
457,1.6953802912548102,0.8426066072476917
458,1.691678587562114,0.8434444562786239
459,1.6879930132972731,0.8442786545512514
460,1.6843234632683657,0.8451092258748674
461,1.6924227690926772,0.8432760171419501
462,1.6887595163457232,0.8441051631295533
463,1.6851120875847174,0.8449307274930199
464,1.6814803804994054,0.8457527333894028
465,1.689516129032258,0.8439339103068451
466,1.6858905579399142,0.8447545273735999
467,1.6822805139186296,0.8455716300203686
468,1.6786858974358976,0.8463852407754846
469,1.6751066098081024,0.8471953819751417
470,1.683070432868672,0.8453928386092371
471,1.6794970349220293,0.846201646729843
472,1.6759387784921098,0.8470070276973957
473,1.6723955675439235,0.8478090032485948
474,1.6688673068529027,0.8486075949367088
475,1.6767604355716876,0.8468210526315788
476,1.6732378296146044,0.8476183644189382
477,1.669729993493819,0.8484123331799355
478,1.6662368345116145,0.8492029798959077
479,1.6627582607443667,0.8499903253729822
480,1.6705818965517243,0.8482195121951219
481,1.66710875331565,0.8490056285178236
482,1.663650021462298,0.8497884829470701
483,1.6602056114799744,0.8505680957430692
484,1.6567754345967511,0.851344486998589
485,1.6533594027728404,0.8521176766406838
486,1.649957428693061,0.8528876844323999
487,1.6576948948523684,0.8511363750187809
488,1.6542979790842283,0.8519052379048381
489,1.6509149566321133,0.8526709561574142
490,1.6586030964109781,0.8509308113489298
491,1.6552250860313225,0.8516953951616909
492,1.6518608074011774,0.8524568709101724
493,1.6485101769602015,0.8532152575075447
494,1.6451731118246544,0.8539705737138342
495,1.6527951933124347,0.8522453806356245
496,1.6603865406006675,0.8505271439811173
497,1.6570457226115314,0.8512833096137802
498,1.6537183215621105,0.8520364384366734
499,1.650404256789441,0.8527865487071704
500,1.647103448275862,0.8535336585365852
501,1.643815816642577,0.8542777858916313
502,1.6405412831432888,0.8550189485958605
503,1.6372797696579144,0.8557571643310866
504,1.634031198686371,0.856492450638792
505,1.6307954933424376,0.8572248249215164
506,1.6275725773476897,0.8579543044442302
507,1.624362375025505,0.8586809063356905
508,1.631830369264187,0.8569905895909352
509,1.6286244156899938,0.8577162298145574
510,1.6254310344827585,0.8584390243902438
511,1.6222501518321073,0.8591589900243424
512,1.6190816945043103,0.8598761432926829
513,1.6159255898366605,0.8605905006418484
514,1.6127817657319201,0.8613020783904336
515,1.620170739872782,0.859629647170258
516,1.6170308740978347,0.8603403289846852
517,1.6139031548055758,0.8610482615464452
518,1.6107875116495807,0.861753460777851
519,1.6076838748255928,0.8624559424784999
520,1.604592175066313,0.863155722326454
521,1.6015123436362433,0.8638528158794063
522,1.5984443123265952,0.8645472385758339
523,1.5953880134502538,0.8652390057361375
524,1.5923433798367992,0.8659281325637683
525,1.5996305418719212,0.8642787456445993
526,1.5965894191687426,0.8649670778076601
527,1.5935598377281948,0.8656527977044476
528,1.5905417319749218,0.8663359201773835
529,1.597777198357343,0.8646982341278988
530,1.5947625243981782,0.8653805798435342
531,1.6019627897915447,0.863750861237426
532,1.598951581540057,0.8644324225197139
533,1.595951672381445,0.865111426348785
534,1.5929629988376597,0.865787887092354
535,1.589985497905253,0.8664618190107135
536,1.587019107050952,0.8671332362577356
537,1.594153342323252,0.865518463005859
538,1.5911902320215356,0.8661891377278085
539,1.5882381165632398,0.8668573238608082
540,1.5852969348659003,0.8675230352303522
541,1.5823666262986804,0.8681862855597132
542,1.5794471306782032,0.8688470884708845
543,1.586516479329396,0.8672470017517854
544,1.5836000887423936,0.8679071018651363
545,1.590635874723189,0.8663146117699708
546,1.5877226222053809,0.866974001608148
547,1.5848200214335246,0.8676309805145583
548,1.591815064183237,0.8660477123019406
549,1.5889155831920105,0.8667039850726376
550,1.586026645768025,0.8673578713968957
551,1.5831481945052883,0.8680093842680713
552,1.5802801724137931,0.8686585365853658
553,1.5774225229157572,0.8693053411546773
554,1.5843551599651438,0.8677361979395966
555,1.5815004659832246,0.8683823335530652
556,1.5786560406846937,0.8690261449377084
557,1.5758218287624588,0.869667644611814
558,1.5729977753058955,0.8703068450039338
559,1.5701838257972982,0.8709437584536847
560,1.5673799261083745,0.8715783972125435
561,1.564586022496773,0.8722107734446327
562,1.5618020616026507,0.8728408992274976
563,1.5590279904452748,0.8734687865528743
564,1.5562637564196626,0.8740944473274519
565,1.5535093072932562,0.8747178933736239
566,1.5603372121359815,0.8731724553994655
567,1.55758529465426,0.8737953284294747
568,1.5548430670228266,0.8744160082445894
569,1.561632628325556,0.8728792490033862
570,1.5588929219600727,0.8734993581514762
571,1.5561628117639952,0.8741172952885394
572,1.5534422474077647,0.8747330718062425
573,1.550731178913161,0.8753466990167282
574,1.5480295566502462,0.8759581881533101
575,1.5453373313343328,0.8765675503711557
576,1.5426544540229885,0.8771747967479674
577,1.53998087611307,0.8777799382846514
578,1.5373165493377878,0.8783829859059835
579,1.534661425763802,0.8789839504612662
580,1.5413570154577885,0.8774684608915054
581,1.5480295566502462,0.8759581881533101
582,1.5546791681478846,0.8744531053557958
583,1.552012480037854,0.8750566874450906
584,1.549354924421351,0.8756582024724356
585,1.546706454465075,0.8762576610381488
586,1.544067023655408,0.8768550736701906
587,1.5506667449920695,0.8753612830847217
588,1.5480295566502462,0.8759581881533101
589,1.5454013231075465,0.8765530663795601
590,1.5519652250146112,0.8750673832162049
591,1.5585069140556627,0.87358672774545
592,1.5558743010251632,0.8741825972313777
593,1.5532505669593535,0.874776457039444
594,1.5506356670149772,0.8753683173195368
595,1.5480295566502462,0.8759581881533101
596,1.5454321916223095,0.8765460795547553
597,1.5428435279847512,0.8771320014707684
598,1.540263522085111,0.8777159637817114
599,1.5467373783892695,0.8762506616718921
600,1.5441594827586205,0.8768341463414633
601,1.5415901658155948,0.8774156892983239
602,1.5390293848092564,0.8779953002187828
603,1.5364770972722592,0.8785729887149617
604,1.5339332610184975,0.8791487643353255
605,1.531397834140781,0.8797226365652085
606,1.528870775008535,0.8802946148273363
607,1.526352042265523,0.8808647084823402
608,1.5238415948275863,0.8814329268292682
609,1.5213393918804143,0.8819992791060915
610,1.5188453928773318,0.882563774490204
611,1.5163595575371072,0.8831264220989181
612,1.522734956051386,0.8816834050693447
613,1.5202508859762616,0.882245653125373
614,1.5177749073346063,0.8828060697545086
615,1.5153069806560133,0.8833646638905412
616,1.512847066726377,0.8839214444092491
617,1.5103951265858155,0.884476420128869
618,1.5167182792099096,0.8830452285105376
619,1.5142680073533508,0.8835998266283146
620,1.511825639599555,0.8841526357199055
621,1.509391137764451,0.8847036644279486
622,1.5069644639095243,0.8852529213395027
623,1.504545580339846,0.8858004149864932
624,1.5108173076923077,0.8843808630393996
625,1.5084,0.8849279999999999
626,1.5059904153354633,0.8854733889191927
627,1.5035885167464116,0.8860170381608121
628,1.5011942675159236,0.8865589560354201
629,1.4988076311605723,0.8870991508007289
630,1.4964285714285714,0.8876376306620208
631,1.4940570522979397,0.8881744037725637
632,1.4916930379746836,0.8887094782340228
633,1.4893364928909953,0.8892428620968674
634,1.48698738170347,0.8897745633607755
635,1.4846456692913388,0.8903045899750335
636,1.482311320754717,0.8908329498389322
637,1.4799843014128728,0.8913596508021594
638,1.4776645768025076,0.8918847006651884
639,1.4753521126760563,0.8924081071796632
640,1.4730468749999999,0.8929298780487804
641,1.4707488299531983,0.8934500209276663
642,1.4684579439252334,0.8939685434237519
643,1.4661741835147746,0.8944854530971437
644,1.4638975155279503,0.8950007574609907
645,1.4616279069767444,0.8955144639818491
646,1.4593653250773995,0.8960265800800422
647,1.4571097372488409,0.8965371131300185
648,1.4548611111111112,0.8970460704607046
649,1.4526194144838211,0.897553459355857
650,1.4503846153846154,0.898059287054409
651,1.44815668202765,0.8985635607508149
652,1.445935582822086,0.8990662875953912
653,1.4437212863705973,0.899567474694655
654,1.44151376146789,0.9000671291116581
655,1.4393129770992366,0.900565257866319
656,1.4371189024390245,0.9010618679357525
657,1.434931506849315,0.901556966254594
658,1.4327507598784195,0.9020505597153236
659,1.4305766312594839,0.902542655168585
660,1.4284090909090907,0.9030332594235032
661,1.42624810892587,0.9035223792479982
662,1.4240936555891237,0.9040100213690958
663,1.4219457013574661,0.904496192473237
664,1.4198042168674698,0.9049808992065823
665,1.4176691729323307,0.9054641481753162
666,1.4155405405405406,0.9059459459459459
667,1.4134182908545727,0.906426299045599
668,1.411302395209581,0.9069052139623192
669,1.4091928251121075,0.9073826971453571
670,1.407089552238806,0.9078587550054604
671,1.4130672182537642,0.9065057613318308
672,1.4109644396551726,0.9069817073170732
673,1.408867910027156,0.9074562389011706
674,1.4067776015553055,0.9079293623796771
675,1.4046934865900382,0.90840108401084
676,1.4106304835747807,0.9070572954250252
677,1.40854683441145,0.9075289116258961
678,1.4064693317058286,0.9079991366285344
679,1.4043979483012545,0.9084679765796185
680,1.4023326572008115,0.90893543758967
681,1.4002734315661554,0.9094015257333189
682,1.3982202447163514,0.9098662470495672
683,1.396173070126723,0.910329607542049
684,1.394131881427707,0.9107916131792897
685,1.3920966524037253,0.9112522698949618
686,1.3900673569920579,0.911711583588139
687,1.3880439692817348,0.9121695601235488
688,1.38602646351243,0.9126262053318207
689,1.3840148140733697,0.9130815250097347
690,1.3820089955022488,0.9135355249204665
691,1.3800089824841557,0.91398821079383
692,1.3780147498505082,0.9144395883265191
693,1.3760262725779966,0.9148896631823461
694,1.3740435257875385,0.9153384409924791
695,1.3798623170429174,0.9140214072644323
696,1.3778797562425682,0.9144701429772918
697,1.3759028842823926,0.9149175910697414
698,1.3739316767117873,0.9153637570759661
699,1.3719661092200681,0.915808646498482
700,1.3700061576354678,0.9162522648083623
701,1.3680517979241478,0.9166946174454612
702,1.366103006189213,0.9171357098186366
703,1.3641597586697405,0.9175755473059709
704,1.3622220317398117,0.9180141352549888
705,1.3602898019075567,0.9184514789828748
706,1.3583630458142033,0.9188875837766876
707,1.3564417402331366,0.9193224548935729
708,1.3621785505552308,0.918023976849938
709,1.3602572832060698,0.9184588393133577
710,1.3583414278776105,0.918892476812092
711,1.3640513603957516,0.9176000823299372
712,1.3621355579232854,0.9180337078651685
713,1.3602251293707985,0.9184661170594876
714,1.3583200521587946,0.9188973150235703
715,1.356420303834097,0.9193273068395018
716,1.3545258620689655,0.9197560975609755
717,1.3526367046602223,0.9201836922134911
718,1.3507528095283834,0.9206100957945512
719,1.3488741547168002,0.921035313273856
720,1.3470007183908046,0.9214593495934958
721,1.3526471854225453,0.9201813199824092
722,1.3507737128665585,0.9206053645023985
723,1.3489054228072686,0.9210282360085011
724,1.347042293770242,0.921449939361272
725,1.3451843043995244,0.921870479394449
726,1.3433314334568254,0.9222898609151381
727,1.3414836598207085,0.9227080887039957
728,1.3396409624857901,0.9231251675154113
729,1.337803320561941,0.9235411020776874
730,1.3359707132735001,0.9239558970932175
731,1.3341431199584886,0.9243695572386639
732,1.332320520067835,0.9247820871651338
733,1.3305028931646046,0.9251934914983528
734,1.328690218923236,0.9256037748388383
735,1.3268824771287826,0.9260129417620706
736,1.325079647676162,0.9264209968186639
737,1.32328171056941,0.9268279445345334
738,1.3214886459209418,0.9272337894110648
739,1.319700433950819,0.927638535925278
740,1.3179170549860206,0.9280421885299934
741,1.3161384894597234,0.9284447516539942
742,1.3143647179105866,0.9288462297021891
743,1.3125957209820394,0.9292466270557725
744,1.3108314794215796,0.9296459480723839
745,1.309071974080074,0.9300441970862662
746,1.307317185911066,0.930441378408422
747,1.3055670959700871,0.9308374963267705
748,1.3038216854139775,0.9312325551062998
749,1.3020809355002072,0.9316265589892213
750,1.3075689655172413,0.9303843902439024
751,1.3058278617016392,0.9307784742294826
752,1.3040913884812912,0.9311715101193564
753,1.302359527407611,0.9315635020892041
754,1.3006322601298819,0.9319544542925535
755,1.2989095683946106,0.932344370860927
756,1.2971914340448822,0.9327332559039876
757,1.295477839019724,0.9331211135096819
758,1.293768765353471,0.9335079477443851
759,1.2920641951751397,0.9338937626530415
760,1.2903641107078039,0.9342785622593067
761,1.2886684942679776,0.9346623505656869
762,1.2869773282650014,0.9350451315536777
763,1.2852905952004339,0.9354269091839017
764,1.283608277667449,0.9358076873962456
765,1.2890128465179174,0.9345844093735054
766,1.2873300621229855,0.9349652932560657
767,1.2856516656925774,0.9353451839603141
768,1.2839776400862069,0.9357240853658536
769,1.2823079682525447,0.936102001332107
770,1.28064263322884,0.9364789356984479
771,1.2860089896685898,0.9352643067286703
772,1.284343174915133,0.9356413496777455
773,1.2826816701610384,0.9360174170952575
774,1.281024458700882,0.9363925127623369
775,1.2793715239154615,0.936766640440598
776,1.2777228492712407,0.9371398038722654
777,1.2760784183197977,0.9375120067802994
778,1.2744382146972786,0.9378832528685183
779,1.2728022221238546,0.9382535458217226
780,1.271170424403183,0.938622889305816
781,1.269542805421873,0.9389912869679272
782,1.2679193491489549,0.9393587424365292
783,1.2663000396353548,0.9397252593215587
784,1.2646848610133707,0.9400908412145346
785,1.2630737974961563,0.9404554916886748
786,1.2614668333772046,0.9408192142990132
787,1.2598639530298383,0.9411820125825147
788,1.258265140906704,0.9415438900581898
789,1.2566703815392684,0.9419048502272095
790,1.25507965953732,0.9422648965730163
791,1.2534929595884736,0.9426240325614381
792,1.2519102664576802,0.9429822616407981
793,1.2503315649867375,0.9433395872420263
794,1.248756840093807,0.9436960127787676
795,1.2471860767729344,0.9440515416474919
796,1.2456192600935714,0.9444061772276013
797,1.2440563752001037,0.9447599228815374
798,1.242497407311382,0.9451127819548871
799,1.2409423417202539,0.9454647577764888
800,1.2393911637931034,0.9458158536585365
801,1.2446080330621208,0.9446350598337443
802,1.2430561527216442,0.9449863147010521
803,1.2415081375874952,0.9453366947119034
804,1.239963973237262,0.945686203130688
805,1.2384236453201969,0.9460348432055748
806,1.2368871395567724,0.9463826181686134
807,1.2353544417382387,0.9467295312358327
808,1.2338255377261864,0.9470755856073412
809,1.232300413452112,0.9474207844674244
810,1.230779054916986,0.9477651309846431
811,1.2292614481908244,0.9481086283119303
812,1.2277475794122643,0.9484512795866875
813,1.2262374347881408,0.9487930879308792
814,1.2247310005930696,0.9491340564511296
815,1.223228263169029,0.9494741882388148
816,1.2217292089249494,0.9498134863701578
817,1.2202338243363018,0.9501519539063198
818,1.2253656942922182,0.9489903989504442
819,1.2238695212833144,0.949329044938801
820,1.228984440706476,0.9481713265913146
821,1.227487504725104,0.9485101452719764
822,1.2259942109237352,0.9488481395762863
823,1.2245045460258934,0.9491853125092611
824,1.2295938650820222,0.948033388586313
825,1.228103448275862,0.948370731707317
826,1.226616640227102,0.94870725801689
827,1.2251334278447235,0.9490429704780723
828,1.2301974012993504,0.9478967833156592
829,1.228713447859906,0.9482326635087822
830,1.2272330702118819,0.9485677343520422
831,1.2257562554462842,0.94890199876728
832,1.2242829907161803,0.949235459662289
833,1.222813263236329,0.9495681199308991
834,1.2278435871992062,0.9484295490436918
835,1.226373115837291,0.948762377683657
836,1.2313871473354232,0.9476274944567626
837,1.2299159560004942,0.9479604860564734
838,1.2349137931034484,0.9468292682926829
839,1.2334419053881878,0.9471624175121368
840,1.2319735221674877,0.9474947735191638
841,1.2305086309401778,0.9478263391432963
842,1.235482021459579,0.9467006546550025
843,1.2404436127132163,0.945577640829789
844,1.2389738927929401,0.945910299387354
845,1.2375076514996939,0.9462421705873862
846,1.2360448764979213,0.9465732572219338
847,1.2345855555103205,0.9469035620698592
848,1.2331296763175015,0.9472330878969166
849,1.231677226757646,0.9475618374558303
850,1.2302281947261662,0.9478898134863701
851,1.2351493172332753,0.9467759594164684
852,1.2400588878096164,0.9456647200274819
853,1.2386051259247282,0.9459937666199639
854,1.2371547686344182,0.9463220426115267
855,1.2357078039927405,0.9466495507060333
856,1.2342642201095715,0.9469762935947116
857,1.2328240051502837,0.9473022739562283
858,1.2313871473354232,0.9476274944567626
859,1.229953634940388,0.947951957750078
860,1.2285234562951082,0.948275666477595
861,1.2270965997837318,0.9485986232684626
862,1.2256730538443077,0.9489208307396297
863,1.224252806968474,0.9492422914959161
864,1.2291068007662835,0.9481436314363143
865,1.2276858680486347,0.9484652474270406
866,1.2262682169307955,0.9487861206556637
867,1.2248538360577497,0.9491062536922947
868,1.2234427141268076,0.9494256490952006
869,1.222034839887306,0.9497443094108731
870,1.220630202140309,0.9500622371740959
871,1.2192287897383112,0.9503794349080116
872,1.2178305915849414,0.9506959051241888
873,1.222641900699135,0.9496069063783421
874,1.2212429969225913,0.9499235363063012
875,1.226039408866995,0.9488379094076654
876,1.2246398205007085,0.9491546942866688
877,1.2232434238980852,0.9494707567372139
878,1.2218502081533265,0.9497860992277348
879,1.2204601624102625,0.9501007242154332
880,1.219073275862069,0.9504146341463414
881,1.2176895377509882,0.950727831455386
882,1.2163089373680507,0.9510403185664509
883,1.2149314640527982,0.9513520978924398
884,1.2196861834919643,0.9502759077364529
885,1.2244301578024548,0.949202149648615
886,1.2291634233673232,0.9481308153939327
887,1.2277776697896823,0.948444468886628
888,1.2263950372786578,0.9487574159525379
889,1.2250155153019666,0.9490696589755548
890,1.223639093374661,0.9493812003288571
891,1.2222657610588645,0.9496920423749692
892,1.220895507963507,0.9500021874658208
893,1.219528323744063,0.9503116379428072
894,1.2181641981022913,0.9506203961368472
895,1.2168031207859757,0.9509284643684425
896,1.21544508158867,0.9512358449477352
897,1.2140900703494406,0.9515425401745656
898,1.212738076952615,0.9518485523385299
899,1.2113890913275287,0.9521538837190373
900,1.210043103448276,0.9524585365853657
901,1.2087001033334608,0.952762513196719
902,1.2073600810459515,0.9530658158022822
903,1.2060230266926337,0.953368446641277
904,1.2046889304241686,0.9536704079430174
905,1.2033577824347494,0.9539717019269639
906,1.2020295729618633,0.9542723308027782
907,1.2007042922860511,0.9545722967703766
908,1.19938193073067,0.9548716020199849
909,1.1980624786616594,0.9551702487321903
910,1.1967459264873057,0.9554682390779952
911,1.1954322646580113,0.9557655752188696
912,1.1941214836660616,0.9560622593068034
913,1.1928135740453978,0.9563582934843586
914,1.1915085263713876,0.9566536798847199
915,1.190206331260599,0.9569484206317472
916,1.1889069793705769,0.9572425178400255
917,1.1876104613996166,0.957535973614916
918,1.186316768086545,0.9578287900526063
919,1.1850258902104986,0.9581209692401603
920,1.1896270614692654,0.9570795334040297
921,1.188335392564304,0.9573718916342258
922,1.1870465255441693,0.9576636156817099
923,1.1857604513019762,0.9579547076077477
924,1.1844771607702642,0.9582451694646816
925,1.1831966449207827,0.9585350032959788
926,1.181918894764281,0.9588242111362798
927,1.1806439013502956,0.9591127950114452
928,1.1852101293103448,0.9580792682926829
929,1.1897665268549793,0.9570479666045314
930,1.1884872080088988,0.9573375295043273
931,1.187210637431016,0.9576264703570773
932,1.1859368062749742,0.9579147911650789
933,1.1846657057323429,0.9582024939220453
934,1.1891982943217898,0.9571765811876534
935,1.1879264244882906,0.9574644580670405
936,1.1866572723253757,0.9577517198248905
937,1.185390829131859,0.9580383684306426
938,1.1841270862436586,0.9583244058453377
939,1.1828660350336013,0.9586098340216629
940,1.1873716067498166,0.957590036325895
941,1.1861097878265967,0.957875638267541
942,1.1848506479244454,0.9581606338356378
943,1.1835941785204958,0.9584450249592633
944,1.1823403711279954,0.958728813559322
945,1.186822660098522,0.9577142857142856
946,1.1855680906903843,0.9579982467900788
947,1.1900375050067362,0.9569866330131094
948,1.1887821911828895,0.9572707625810435
949,1.187529522909778,0.9575542933511526
950,1.1862794918330308,0.9578372272143773
951,1.1850320896334168,0.9581195660537046
952,1.183787308026659,0.9584013117442098
953,1.1882304519303832,0.9573956440508791
954,1.186984927347647,0.9576775579076545
955,1.185742011193356,0.9579588813689183
956,1.1845016952820662,0.9582396162873762
957,1.1832639714625446,0.9585197645079899
958,1.1820288316175942,0.9587993278680176
959,1.1807962676638741,0.9590783081970549
960,1.1852101293103448,0.9580792682926829
961,1.183976820122717,0.9583584172990532
962,1.1827460749874543,0.9586369859540591
963,1.1815178859168547,0.9589149760656485
964,1.18029224495636,0.9591923894342678
965,1.1790691441843844,0.9594692278529002
966,1.177848575712144,0.959745493107105
967,1.1766305316834862,0.9600211869750549
968,1.1754150042747222,0.960296311227575
969,1.1742019856944592,0.9605708676281809
970,1.1729914681834341,0.9608448579331154
971,1.171783444014347,0.9611182838913868
972,1.1705779054916985,0.9613911472448058
973,1.1693748449516248,0.9616634497280224
974,1.1681742547617362,0.961935193068563
975,1.166976127320955,0.9622063789868667
976,1.1657804550593556,0.9624770091963214
977,1.1645872304380052,0.9627470854033002
978,1.1689364290247515,0.9617626814304953
979,1.1677424183720193,0.9620329355489672
980,1.1665508444757213,0.962302638128422
981,1.1653616998840028,0.9625717908555231
982,1.1641749771753633,0.9628403954100639
983,1.1629906689585012,0.9631084534650025
984,1.1618087678721614,0.963375966686496
985,1.1606292665849816,0.9636429367339358
986,1.1594521577953416,0.9639093652599812
987,1.1582774342312128,0.9641752539105937
988,1.157105088650007,0.9644406043250715
989,1.1559351138384297,0.9647054181360822
990,1.1547675026123303,0.9649696969696968
991,1.153602247816556,0.9652334424454233
992,1.1524393423248054,0.9654966561762391
993,1.1512787790394832,0.9657593397686242
994,1.1501205508915562,0.966021494822594
995,1.148964650840409,0.9662831229317317
996,1.153250934773577,0.9653129591536879
997,1.1520942136755092,0.9655747730997871
998,1.1509398106557942,0.9658360623686396
999,1.149787718753236,0.9660968285358529
1000,1.1486379310344828,0.9663570731707317
1001,1.1474904405938888,0.9666167978363099
1002,1.146345240553376,0.9668760040893821
1003,1.145202324062296,0.9671346934805339
1004,1.1440616842972937,0.9673928675541734
1005,1.1429233144621718,0.967650527848562
1006,1.1417872077877562,0.9679076758958444
1007,1.1406533575317603,0.9681643132220795
1008,1.1395217569786535,0.9684204413472706
1009,1.1437621749085813,0.9674606589475211
1010,1.142629737111642,0.9677169765757063
1011,1.1414995395477336,0.9679727871462691
1012,1.1403715755758486,0.9682280921623445
1013,1.1445944105933212,0.9672722895047311
1014,1.1434656192613752,0.9675277817866936
1015,1.1476770851027687,0.9665745524450318
1016,1.1465474816725496,0.9668302285385059
1017,1.1454200996846708,0.9670854018274695
1018,1.1442949325926428,0.9673400737936653
1019,1.1431719738756725,0.9675942459130185
1020,1.1420512170385395,0.9678479196556671
1021,1.1409326556114694,0.9681010964859893
1022,1.13981628315001,0.9683537778626318
1023,1.1387020932349075,0.9686059652385379
1024,1.1375900794719827,0.9688576600609755
1025,1.13648023549201,0.9691088637715646
1026,1.1353725549505949,0.9693595778063043
1027,1.134267031528053,0.9696098035956017
1028,1.1331636589292902,0.9698595425642972
1029,1.1320624308836835,0.9701087961316931
1030,1.1309633411449613,0.9703575657115794
1031,1.1298663834910867,0.9706058527122613
1032,1.128771551724138,0.9708536585365852
1033,1.127678839670194,0.9711009845819658
1034,1.126588241179217,0.9713478322404113
1035,1.1254997501249375,0.9715942028985506
1036,1.1244133604047397,0.9718400979376589
1037,1.123329065939547,0.972085518733683
1038,1.1222468606737093,0.9723304666572676
1039,1.1211667385748896,0.972574943073781
1040,1.1252984084880637,0.971639774859287
1041,1.1242174301898042,0.9718844450692345
1042,1.1283382421073533,0.97095173446936
1043,1.1272564221245083,0.9711965951874283
1044,1.1261766745937376,0.9714409868236613
1045,1.1250989935654183,0.9716849107247052
1046,1.1240233731126787,0.971928368232057
1047,1.1229498073312913,0.9721713606820882
1048,1.121878290339563,0.9724138894060695
1049,1.1259738338647645,0.9714868980910972
1050,1.1249014778325124,0.9717296167247387
1051,1.1238311624397126,0.9719718734770602
1052,1.1227628818670512,0.9722136696652136
1053,1.12169663031732,0.972455006601348
1054,1.1206324020153111,0.972695885592632
1055,1.1195701912077136,0.9729363079412784
1056,1.1185099921630095,0.9731762749445676
1057,1.1174517991713697,0.9734157878948704
1058,1.1163956065445537,0.9736548480796717
1059,1.1153414086158056,0.9738934567815932
1060,1.1142891997397528,0.974131615278417
1061,1.1132389742923072,0.974369324843107
1062,1.112190726670563,0.9746065867438334
1063,1.111144451292698,0.9748434022439942
1064,1.110100142597874,0.9750797726022372
1065,1.1141452161243321,0.9741642047406389
1066,1.1131000517564857,0.9744007687731661
1067,1.1120568464596192,0.9746368893867008
1068,1.1110155947307245,0.9748725678268018
1069,1.1099762910873843,0.9751078053343676
1070,1.1089389300676764,0.9753426031456576
1071,1.1079035062300782,0.9755769624923138
1072,1.106870014153371,0.9758108846013833
1073,1.105838448436546,0.9760443706953379
1074,1.1098535927566944,0.9751355770540945
1075,1.1088211708099438,0.9753692569483833
1076,1.1077906678630944,0.9756025024934264
1077,1.1067620785707426,0.97583531489911
1078,1.1057353976073188,0.9760676953708312
1079,1.104710619666997,0.9762996451095186
1080,1.1036877394636015,0.9765311653116531
1081,1.1026667517305178,0.9767622571692877
1082,1.1016476512206004,0.9769929218700689
1083,1.1006304327060847,0.9772231605972569
1084,1.099615090978496,0.9774529745297452
1085,1.0986016208485618,0.9776823648420815
1086,1.097590017146123,0.9779113327044872
1087,1.0965802747200457,0.9781398792828774
1088,1.0955723884381339,0.9783680057388809
1089,1.0945663531870429,0.9785957132298595
1090,1.0935621638721924,0.9788230029089281
1091,1.0925598154176808,0.9790498759249737
1092,1.0915593027661994,0.9792763334226748
1093,1.0905606208789476,0.979502376542521
1094,1.089563764735548,0.979728006420832
1095,1.088568729333963,0.979953224189776
1096,1.0875755096904103,0.98017803097739
1097,1.0865841008392796,0.9804024279075971
1098,1.0855944978330507,0.9806264161002266
1099,1.084606695742211,0.9808499966710312
1100,1.0836206896551726,0.9810731707317073
1101,1.0826364746781922,0.9812959393899116
1102,1.08165404593529,0.9815183037492806
1103,1.0806733985681685,0.9817402649094487
1104,1.0796945277361318,0.9819618239660657
1105,1.0787174286160086,0.9821829820108156
1106,1.07774209640207,0.9824037401314338
1107,1.0767685263059528,0.9826240994117258
1108,1.0757967135565791,0.9828440609315839
1109,1.0748266534000808,0.9830636257670061
1110,1.0787395153774464,0.9821779828609096
1111,1.0777685527173408,0.982397751970319
1112,1.0767993363929547,0.9826171258115458
1113,1.0758318616971836,0.9828361054500032
1114,1.0748661239398254,0.9830546919472786
1115,1.0739021184475026,0.9832728863611505
1116,1.0729398405635893,0.983490689745607
1117,1.0768298706510666,0.9826102146428805
1118,1.0758666954537042,0.9828282211265762
1119,1.0749052417490985,0.9830458379650819
1120,1.0739455049261084,0.9832630662020906
1121,1.0729874803900459,0.98347990687757
1122,1.0720311635626039,0.9836963610277814
1123,1.0710765498817822,0.9839124296852941
1124,1.0701236348018162,0.9841281138790036
1125,1.0691724137931033,0.9843434146341462
1126,1.0682228823421327,0.9845583329723173
1127,1.067275035951412,0.9847728699114852
1128,1.0663288701393985,0.9849870264660093
1129,1.0653843804404264,0.9852008036466546
1130,1.0644415624046384,0.9854142024606085
1131,1.0635004115979145,0.9856272239114964
1132,1.0673472340684782,0.9847565284840127
1133,1.0664051800225218,0.9849697543753901
1134,1.0702426564495529,0.9841011743450767
1135,1.0692997113777913,0.9843146019125388
1136,1.0683584264205925,0.9845276537272415
1137,1.0674187971977072,0.9847403307806164
1138,1.066480819344282,0.9849526340606112
1139,1.065544488510793,0.9851645645517033
1140,1.0646098003629765,0.9853761232349165
1141,1.0636767505817644,0.9855873110878348
1142,1.0627453348632163,0.9857981290846183
1143,1.061815548918454,0.9860085781960182
1144,1.0656234928864239,0.9851466825857069
1145,1.0646928173467851,0.985357333049313
1146,1.063763766022748,0.9855676158855828
1147,1.0628363346661456,0.9857775320560529
1148,1.061910519043614,0.9859870825189088
1149,1.0609863149365266,0.9861962682290007
1150,1.0600637181409296,0.9864050901378578
1151,1.0591427244674796,0.9866135491937021
1152,1.0629265445402298,0.9857571138211381
1153,1.062004665490325,0.985965773274385
1154,1.0610843841510789,0.9861740710994631
1155,1.0648566950291087,0.9853202407348748
1156,1.06393553871853,0.9855287366022449
1157,1.063015974726552,0.9857368720618925
1158,1.062097998927997,0.9859446480475167
1159,1.0611816072119247,0.9861520654895936
1160,1.0602667954815697,0.986359125315391
1161,1.0593535596542814,0.9865658284489821
1162,1.0584418956614636,0.986772175811259
1163,1.0621905298425594,0.9859237044649035
1164,1.061277995023107,0.9861302489313553
1165,1.0603670267870358,0.9863364388150319
1166,1.0594576211036848,0.9865422750282391
1167,1.0585497739562095,0.9867477584801554
1168,1.057643481341521,0.986952890076846
1169,1.0567387392702279,0.9871576707212752
1170,1.0558355437665783,0.9873621013133208
1171,1.0549338908684003,0.9875661827497865
1172,1.054033776627045,0.9877699159244151
1173,1.0531351971073286,0.9879733017279021
1174,1.0522381483874759,0.9881763410479079
1175,1.0513426265590609,0.9883790347690711
1176,1.050448627726953,0.9885813837730213
1177,1.049556148009258,0.9887833889383922
1178,1.0486651835372636,0.9889850511408339
1179,1.047775730455383,0.9891863712530256
1180,1.046887784921099,0.9893873501446879
1181,1.0460013431049082,0.9895879886825963
1182,1.0451164011902678,0.9897882877305929
1183,1.044232955373539,0.9899882481495988
1184,1.043351001863933,0.9901878707976268
1185,1.042470536883457,0.990387156529793
1186,1.0415915566668603,0.9905861061983301
1187,1.040714057461581,0.9907847206525983
1188,1.0398380355276906,0.9909830007390982
1189,1.0389634871378441,0.991180947301483
1190,1.038090408577224,0.9913785611805698
1191,1.03721879614349,0.9915758432143514
1192,1.0363486461467253,0.9917727942380095
1193,1.0354799549093852,0.9919694150839244
1194,1.034612718766245,0.9921657065816888
1195,1.0337469340643486,0.9923616695581181
1196,1.032882597162957,0.9925573048372623
1197,1.0320197044334976,0.9927526132404181
1198,1.0311582522595129,0.9929475955861394
1199,1.030298237036611,0.9931422526902499
1200,1.0294396551724139,0.9933365853658537
1201,1.0285825030865083,0.9935305944233463
1202,1.0277267772103964,0.9937242806704272
1203,1.026872473987445,0.99391764491211
1204,1.0260195898728377,0.9941106879507332
1205,1.025168121333524,0.994303410585973
1206,1.024318064848173,0.9944958136148525
1207,1.0234694169071223,0.9946878978317537
1208,1.0226221740123316,0.9948796640284283
1209,1.0217763326773337,0.9950711129940083
1210,1.0209318894271873,0.9952622455150171
1211,1.020088840798428,0.9954530623753801
1212,1.0192471833390235,0.9956435643564356
1213,1.0184069136083236,0.9958337522369453
1214,1.0175680281770154,0.9960236267931047
1215,1.0211898680289484,0.9952038542607649
1216,1.0203500737295825,0.9953939345314505
1217,1.0195116595358853,0.9955837024269995
1218,1.0186746220485816,0.9957731587168087
1219,1.0178389578795508,0.9959623041677503
1220,1.0170046636517807,0.9961511395441822
1221,1.016171735999322,0.9963396656079582
1222,1.015340171567244,0.9965278831184383
1223,1.0145099670115882,0.996715792832499
1224,1.0136811189993238,0.9969033955045432
1225,1.012853624208304,0.9970906918865106
1226,1.0120274793272206,0.9972776827278875
1227,1.0112026810555603,0.997464368775717
1228,1.0103792261035607,0.9976507507746087
1229,1.0095571111921664,0.9978368294667487
1230,1.0087363330529857,0.9980226055919096
1231,1.0079168884282472,0.9982080798874601
1232,1.0070987740707569,0.998393253088375
1233,1.0062819867438544,0.9985781259272446
1234,1.0054665232213715,0.9987626991342846
1235,1.004652380287589,0.9989469734373456
1236,1.0038395547371946,0.9991309495619227
1237,1.0030280433752403,0.9993146282311651
1238,1.0022178430171023,0.9994980101658851
1239,1.0014089504884363,0.9996810960845685
1240,1.000601362625139,0.9998638867033831
1241,0.9997950762733057,1.0000463827361883
1242,0.9989900882891887,1.0002285848945445
1243,1.0025452880960968,0.9994238957675176
1244,1.0017393835236723,0.9996063053878126
1245,1.0009347735770668,0.9997884219806054
1246,1.000131455139204,0.9999702462514192
1247,0.9993294251030058,1.0001517789035146
1248,0.9985286803713528,1.0003330206378986
1249,1.002067170978162,0.9995321134956746
1250,1.0012655172413794,0.9997135609756097
1251,1.000465145125279,0.9998947183716441
1252,0.9996660515588851,1.0000755863788668
1253,0.9988682334810248,1.0002561656901485
1254,1.0023923444976077,0.9994585132454195
1255,1.001593625498008,0.9996392964726459
1256,1.000796178343949,0.9998197918284916
1257,1.0,1.0
