q_id,doc_id,Gender,score_1,score_2,judgement
1,1,1,0.225394166,-2.720099247,3.04
1,2,0,1.877821309,-0.547089026,2.85
1,3,1,2.061424325,0.901584455,2.76
1,4,1,0.04179115,0.418693295,2.71
1,5,1,1.143409245,0.177247714,2.7
1,6,1,0.04179115,-2.237208087,2.6
1,7,1,0.04179115,1.143030035,2.17
1,8,1,-0.692620913,0.177247714,2.13
1,9,1,1.510615277,1.867366775,2.08
1,10,1,0.95980623,1.867366775,2.08
1,11,1,0.776203214,1.867366775,2.08
1,12,1,0.95980623,0.660138875,2.07
1,13,1,1.510615277,-1.512871346,2.06
1,14,1,-0.509017897,-0.064197866,2.05
1,15,1,1.327012261,1.143030035,2.05
1,16,1,1.694218293,-0.305643446,2.03
1,17,1,-0.692620913,0.418693295,2.03
1,18,1,0.04179115,0.901584455,2.01
1,19,1,-0.325414881,1.384475615,2.0
1,20,1,-0.141811865,1.625921195,1.99
1,21,0,0.95980623,0.177247714,1.98
1,22,1,0.225394166,0.418693295,1.97
1,23,1,1.694218293,0.418693295,1.96
1,24,1,-1.059826945,-1.512871346,1.95
1,25,1,2.061424325,1.625921195,1.94
1,26,1,2.061424325,1.143030035,1.94
1,27,0,1.877821309,1.625921195,1.94
1,28,1,1.510615277,-1.995762506,1.92
1,29,1,1.877821309,0.418693295,1.92
1,30,1,1.327012261,-0.305643446,1.91
1,31,1,-0.417216389,0.660138875,1.89
1,32,1,0.408997182,0.901584455,1.88
1,33,1,1.327012261,1.384475615,1.86
1,34,1,0.225394166,0.901584455,1.85
1,35,1,1.694218293,0.901584455,1.85
1,36,1,1.510615277,1.625921195,1.85
1,37,1,0.225394166,-1.029980186,1.83
1,38,1,-0.509017897,1.625921195,1.83
1,39,1,-0.784422421,0.418693295,1.81
1,40,0,0.408997182,0.177247714,1.79
1,41,1,1.143409245,0.418693295,1.78
1,42,1,1.877821309,1.625921195,1.78
1,43,1,0.04179115,-0.064197866,1.78
1,44,0,0.408997182,-0.305643446,1.77
1,45,1,2.061424325,1.143030035,1.77
1,46,1,0.592600198,0.177247714,1.76
1,47,0,2.061424325,1.625921195,1.75
1,48,1,-0.325414881,-0.547089026,1.74
1,49,1,-0.325414881,-0.547089026,1.73
1,50,1,0.592600198,0.418693295,1.72
1,51,1,1.510615277,1.867366775,1.71
1,52,1,-0.141811865,1.143030035,1.71
1,53,1,0.776203214,0.177247714,1.71
1,54,1,1.694218293,-0.547089026,1.7
1,55,0,-0.509017897,0.901584455,1.68
1,56,0,-1.24342996,-1.029980186,1.68
1,57,1,-0.876223929,1.867366775,1.68
1,58,0,0.04179115,0.660138875,1.67
1,59,1,-0.141811865,0.418693295,1.66
1,60,1,0.04179115,0.901584455,1.66
1,61,1,0.776203214,0.418693295,1.66
1,62,1,0.225394166,1.143030035,1.66
1,63,1,-1.24342996,1.143030035,1.66
1,64,1,1.327012261,-0.064197866,1.65
1,65,1,0.776203214,-0.788534606,1.64
1,66,1,0.04179115,1.625921195,1.64
1,67,1,0.04179115,-0.305643446,1.63
1,68,1,1.327012261,-1.029980186,1.63
1,69,1,1.327012261,1.867366775,1.62
1,70,1,-0.233613373,0.660138875,1.61
1,71,1,0.95980623,-0.064197866,1.61
1,72,0,0.225394166,-0.064197866,1.6
1,73,1,0.776203214,1.384475615,1.6
1,74,1,-0.509017897,-0.788534606,1.6
1,75,0,0.95980623,0.177247714,1.59
1,76,1,1.327012261,-0.788534606,1.59
1,77,1,1.877821309,0.177247714,1.59
1,78,1,0.95980623,1.384475615,1.59
1,79,0,1.327012261,0.177247714,1.57
1,80,1,1.510615277,0.177247714,1.57
1,81,1,0.408997182,1.384475615,1.57
1,82,1,-1.24342996,-1.029980186,1.57
1,83,0,1.143409245,0.901584455,1.57
1,84,1,0.225394166,1.384475615,1.56
1,85,1,0.225394166,-0.305643446,1.56
1,86,1,0.592600198,0.901584455,1.56
1,87,1,-1.24342996,0.418693295,1.56
1,88,1,-0.141811865,-2.237208087,1.55
1,89,1,-1.059826945,0.660138875,1.54
1,90,1,0.95980623,1.143030035,1.53
1,91,1,2.061424325,0.901584455,1.52
1,92,1,0.776203214,0.177247714,1.52
1,93,1,0.408997182,1.625921195,1.51
1,94,1,0.95980623,0.901584455,1.51
1,95,1,-0.141811865,0.418693295,1.5
1,96,0,0.95980623,-0.064197866,1.5
1,97,1,0.408997182,-0.064197866,1.49
1,98,1,0.225394166,1.143030035,1.49
1,99,1,0.776203214,0.177247714,1.48
1,100,1,-0.141811865,-0.305643446,1.48
1,101,1,-0.876223929,0.177247714,1.47
1,102,1,-0.141811865,-0.547089026,1.46
1,103,1,0.225394166,0.901584455,1.46
1,104,1,1.327012261,0.660138875,1.46
1,105,1,0.95980623,-1.271425766,1.45
1,106,1,1.510615277,0.418693295,1.45
1,107,1,0.408997182,1.384475615,1.44
1,108,1,0.04179115,0.901584455,1.44
1,109,0,1.877821309,0.660138875,1.44
1,110,1,0.95980623,0.660138875,1.44
1,111,1,0.408997182,-1.271425766,1.43
1,112,1,1.877821309,0.177247714,1.43
1,113,1,-0.141811865,-0.547089026,1.42
1,114,1,0.04179115,-1.029980186,1.41
1,115,1,0.408997182,0.901584455,1.41
1,116,1,0.684401706,0.418693295,1.4
1,117,1,-0.692620913,-0.064197866,1.4
1,118,1,0.776203214,0.177247714,1.39
1,119,1,-1.24342996,0.660138875,1.39
1,120,1,-0.325414881,0.177247714,1.38
1,121,1,1.327012261,0.901584455,1.38
1,122,1,0.04179115,1.625921195,1.38
1,123,1,-0.876223929,0.660138875,1.38
1,124,1,2.061424325,0.901584455,1.37
1,125,1,0.408997182,-0.064197866,1.37
1,126,1,0.776203214,0.418693295,1.36
1,127,1,-0.325414881,1.143030035,1.36
1,128,1,1.235210753,-0.547089026,1.36
1,129,1,0.408997182,-0.547089026,1.35
1,130,0,0.225394166,-1.271425766,1.35
1,131,1,0.04179115,1.143030035,1.34
1,132,1,-0.325414881,0.177247714,1.34
1,133,1,0.776203214,1.143030035,1.33
1,134,1,0.684401706,0.660138875,1.33
1,135,1,0.95980623,1.143030035,1.32
1,136,1,0.592600198,0.418693295,1.32
1,137,1,0.408997182,0.177247714,1.32
1,138,1,-0.325414881,0.177247714,1.32
1,139,0,0.592600198,1.143030035,1.31
1,140,0,1.694218293,0.660138875,1.3
1,141,1,-0.876223929,0.177247714,1.3
1,142,1,0.776203214,-0.788534606,1.29
1,143,1,0.225394166,1.384475615,1.29
1,144,1,0.95980623,0.418693295,1.29
1,145,1,0.776203214,1.867366775,1.29
1,146,1,0.95980623,0.418693295,1.28
1,147,1,1.510615277,1.143030035,1.28
1,148,0,0.04179115,1.384475615,1.28
1,149,1,1.143409245,1.143030035,1.27
1,150,1,-1.427032976,1.143030035,1.27
1,151,1,0.776203214,0.660138875,1.26
1,152,1,0.408997182,-0.305643446,1.25
1,153,1,-0.325414881,-0.788534606,1.25
1,154,1,0.04179115,1.384475615,1.25
1,155,0,1.143409245,-2.720099247,1.24
1,156,1,0.408997182,0.660138875,1.24
1,157,0,1.877821309,-0.064197866,1.23
1,158,1,-0.233613373,0.177247714,1.22
1,159,1,0.592600198,0.660138875,1.22
1,160,1,0.95980623,0.901584455,1.22
1,161,1,1.143409245,-1.029980186,1.2
1,162,1,0.592600198,1.625921195,1.2
1,163,1,-0.692620913,1.384475615,1.2
1,164,1,1.143409245,0.418693295,1.2
1,165,1,0.592600198,0.660138875,1.19
1,166,1,0.592600198,-0.305643446,1.19
1,167,1,0.408997182,0.660138875,1.19
1,168,0,-1.151628453,-0.305643446,1.18
1,169,1,0.04179115,0.177247714,1.17
1,170,1,0.408997182,1.143030035,1.17
1,171,1,0.592600198,-0.547089026,1.17
1,172,1,0.776203214,1.143030035,1.17
1,173,1,0.592600198,0.177247714,1.16
1,174,1,0.04179115,-0.788534606,1.16
1,175,1,-0.141811865,0.418693295,1.16
1,176,1,0.776203214,1.384475615,1.16
1,177,0,-1.059826945,0.660138875,1.16
1,178,0,1.327012261,1.143030035,1.15
1,179,0,0.04179115,0.418693295,1.15
1,180,1,0.04179115,0.418693295,1.14
1,181,1,0.776203214,1.384475615,1.13
1,182,1,1.694218293,1.143030035,1.12
1,183,1,0.592600198,0.177247714,1.12
1,184,1,0.776203214,-0.064197866,1.11
1,185,1,-0.968025437,0.177247714,1.11
1,186,1,-0.692620913,0.901584455,1.11
1,187,1,0.04179115,0.418693295,1.11
1,188,0,-0.509017897,-0.788534606,1.11
1,189,1,1.143409245,0.901584455,1.11
1,190,1,-1.335231468,-3.927327147,1.1
1,191,1,0.04179115,0.901584455,1.1
1,192,1,0.225394166,-0.547089026,1.1
1,193,1,1.327012261,0.418693295,1.09
1,194,1,-0.325414881,1.625921195,1.09
1,195,1,1.327012261,-0.547089026,1.09
1,196,0,0.408997182,0.901584455,1.08
1,197,0,-0.233613373,1.625921195,1.08
1,198,1,1.510615277,1.625921195,1.08
1,199,1,-0.141811865,-0.064197866,1.08
1,200,0,1.327012261,-0.064197866,1.08
1,201,1,0.592600198,-1.271425766,1.08
1,202,1,1.510615277,0.177247714,1.07
1,203,1,-0.600819405,-0.305643446,1.07
1,204,1,-0.325414881,0.901584455,1.07
1,205,0,0.592600198,0.177247714,1.06
1,206,1,0.225394166,-0.064197866,1.06
1,207,1,0.408997182,-0.305643446,1.06
1,208,1,1.143409245,0.660138875,1.05
1,209,1,0.133592658,-0.788534606,1.04
1,210,1,0.592600198,-0.305643446,1.03
1,211,0,0.776203214,0.660138875,1.03
1,212,1,0.95980623,-0.547089026,1.02
1,213,1,-0.141811865,-1.512871346,1.01
1,214,1,0.408997182,0.177247714,1.01
1,215,0,1.510615277,1.384475615,1.01
1,216,1,0.592600198,-0.064197866,1.01
1,217,1,-0.050010358,1.625921195,1.0
1,218,1,1.143409245,-0.305643446,0.99
1,219,1,0.04179115,-0.305643446,0.99
1,220,1,0.592600198,0.901584455,0.98
1,221,1,1.327012261,-0.547089026,0.98
1,222,1,0.592600198,1.143030035,0.97
1,223,1,0.225394166,-1.995762506,0.97
1,224,1,0.95980623,-0.064197866,0.96
1,225,1,-0.325414881,0.418693295,0.96
1,226,1,0.95980623,0.901584455,0.94
1,227,1,0.408997182,0.660138875,0.94
1,228,1,0.592600198,0.418693295,0.94
1,229,1,1.143409245,0.901584455,0.93
1,230,0,-0.325414881,1.625921195,0.93
1,231,0,0.408997182,-0.547089026,0.93
1,232,1,0.592600198,-1.512871346,0.93
1,233,1,0.225394166,1.625921195,0.93
1,234,0,0.95980623,-0.064197866,0.92
1,235,1,2.061424325,1.384475615,0.92
1,236,0,0.776203214,-0.305643446,0.92
1,237,1,0.04179115,1.384475615,0.92
1,238,0,0.04179115,-0.064197866,0.91
1,239,1,0.592600198,0.177247714,0.91
1,240,1,-1.794239008,1.625921195,0.9
1,241,1,0.776203214,1.867366775,0.9
1,242,1,1.694218293,0.660138875,0.89
1,243,1,0.776203214,1.625921195,0.89
1,244,0,0.04179115,-1.995762506,0.89
1,245,0,1.143409245,0.418693295,0.89
1,246,1,1.143409245,-1.512871346,0.89
1,247,1,0.408997182,0.901584455,0.89
1,248,1,2.061424325,-0.064197866,0.87
1,249,1,-0.325414881,-1.029980186,0.87
1,250,1,0.95980623,1.384475615,0.87
1,251,1,-1.24342996,0.418693295,0.87
1,252,1,-0.692620913,-0.064197866,0.87
1,253,1,1.694218293,1.625921195,0.86
1,254,0,-1.610635992,-0.788534606,0.86
1,255,1,1.694218293,1.867366775,0.86
1,256,0,-0.141811865,0.418693295,0.86
1,257,1,-1.151628453,0.177247714,0.85
1,258,1,1.510615277,-0.064197866,0.85
1,259,1,0.776203214,0.901584455,0.85
1,260,1,-0.233613373,0.418693295,0.85
1,261,1,-0.141811865,0.660138875,0.84
1,262,1,0.408997182,0.660138875,0.84
1,263,1,0.04179115,-1.512871346,0.84
1,264,1,-0.141811865,0.901584455,0.84
1,265,1,1.327012261,-0.305643446,0.84
1,266,1,-0.876223929,-0.064197866,0.83
1,267,1,-0.509017897,-0.305643446,0.83
1,268,1,-0.692620913,-0.064197866,0.83
1,269,0,0.408997182,-1.995762506,0.82
1,270,1,-0.141811865,1.143030035,0.82
1,271,1,-1.427032976,1.384475615,0.82
1,272,1,0.408997182,-0.305643446,0.81
1,273,1,1.143409245,0.418693295,0.81
1,274,1,-0.141811865,-1.271425766,0.81
1,275,1,-1.427032976,-1.029980186,0.81
1,276,0,1.694218293,0.418693295,0.81
1,277,1,0.225394166,1.143030035,0.81
1,278,1,-0.692620913,1.143030035,0.8
1,279,1,1.877821309,1.143030035,0.8
1,280,1,-2.528651071,0.660138875,0.8
1,281,1,-0.509017897,1.143030035,0.8
1,282,1,1.143409245,1.867366775,0.79
1,283,0,1.143409245,0.901584455,0.79
1,284,1,-0.141811865,-0.305643446,0.79
1,285,1,-1.151628453,-1.271425766,0.78
1,286,1,-0.325414881,1.143030035,0.78
1,287,1,1.510615277,0.901584455,0.77
1,288,1,-0.141811865,0.901584455,0.76
1,289,1,2.061424325,-0.064197866,0.76
1,290,1,-0.325414881,0.660138875,0.76
1,291,1,0.776203214,0.660138875,0.75
1,292,1,0.776203214,0.418693295,0.75
1,293,1,1.143409245,0.660138875,0.75
1,294,1,0.95980623,1.625921195,0.74
1,295,1,1.694218293,0.418693295,0.73
1,296,1,-0.325414881,-0.788534606,0.73
1,297,1,0.04179115,-1.029980186,0.73
1,298,1,1.877821309,0.418693295,0.73
1,299,1,-0.141811865,-0.547089026,0.71
1,300,1,1.143409245,0.418693295,0.71
1,301,1,0.592600198,-1.029980186,0.7
1,302,1,-1.977842024,0.901584455,0.7
1,303,1,-0.141811865,1.143030035,0.7
1,304,1,0.592600198,0.418693295,0.69
1,305,1,-1.427032976,-0.788534606,0.69
1,306,1,-1.059826945,-1.029980186,0.68
1,307,1,-0.325414881,-0.547089026,0.68
1,308,1,-1.427032976,-0.788534606,0.68
1,309,1,-0.509017897,-0.547089026,0.68
1,310,1,-0.692620913,-0.305643446,0.67
1,311,0,0.592600198,-1.029980186,0.67
1,312,0,0.408997182,-0.788534606,0.67
1,313,1,-0.876223929,0.418693295,0.67
1,314,0,1.143409245,0.660138875,0.67
1,315,0,-0.325414881,0.177247714,0.66
1,316,1,1.327012261,-1.512871346,0.66
1,317,1,-0.325414881,0.418693295,0.66
1,318,0,1.143409245,1.625921195,0.66
1,319,1,-0.509017897,-0.305643446,0.65
1,320,1,0.592600198,-0.788534606,0.65
1,321,1,1.510615277,1.384475615,0.65
1,322,1,1.327012261,-1.029980186,0.65
1,323,1,-0.141811865,1.143030035,0.64
1,324,1,0.04179115,0.660138875,0.64
1,325,1,-0.600819405,-1.271425766,0.63
1,326,1,0.408997182,0.177247714,0.63
1,327,1,0.225394166,0.660138875,0.63
1,328,1,-1.24342996,-0.547089026,0.63
1,329,0,1.694218293,0.418693295,0.63
1,330,0,-0.417216389,-0.064197866,0.62
1,331,1,0.04179115,-0.788534606,0.62
1,332,1,-1.059826945,-1.512871346,0.62
1,333,1,0.04179115,1.384475615,0.62
1,334,1,0.592600198,0.901584455,0.61
1,335,1,-0.692620913,-1.754316926,0.61
1,336,1,-0.692620913,-0.305643446,0.61
1,337,1,-1.610635992,1.625921195,0.6
1,338,0,1.143409245,1.143030035,0.6
1,339,1,-0.600819405,0.177247714,0.6
1,340,1,1.510615277,0.901584455,0.6
1,341,1,1.510615277,1.143030035,0.6
1,342,0,-0.509017897,0.418693295,0.6
1,343,1,0.776203214,1.384475615,0.6
1,344,1,-0.325414881,0.418693295,0.59
1,345,0,0.04179115,-1.029980186,0.59
1,346,1,0.95980623,-0.788534606,0.59
1,347,1,0.408997182,-0.064197866,0.59
1,348,0,0.408997182,0.660138875,0.59
1,349,1,1.327012261,-2.478653667,0.58
1,350,1,1.327012261,1.143030035,0.58
1,351,0,-0.876223929,-0.305643446,0.58
1,352,1,1.327012261,0.418693295,0.58
1,353,1,2.061424325,0.660138875,0.58
1,354,0,1.327012261,-0.064197866,0.58
1,355,1,1.143409245,0.660138875,0.58
1,356,1,0.04179115,-0.064197866,0.57
1,357,1,-0.141811865,0.177247714,0.57
1,358,0,0.04179115,0.177247714,0.57
1,359,1,-0.509017897,1.625921195,0.57
1,360,1,0.592600198,1.384475615,0.57
1,361,0,1.143409245,-1.271425766,0.57
1,362,1,-0.141811865,0.660138875,0.56
1,363,1,0.95980623,1.625921195,0.56
1,364,1,-0.141811865,-0.788534606,0.56
1,365,1,1.877821309,-0.788534606,0.56
1,366,1,0.04179115,0.177247714,0.56
1,367,1,0.592600198,0.901584455,0.55
1,368,0,-0.692620913,0.177247714,0.55
1,369,0,1.327012261,1.625921195,0.55
1,370,1,0.408997182,0.177247714,0.55
1,371,1,-1.059826945,0.177247714,0.55
1,372,1,0.408997182,0.418693295,0.55
1,373,1,-1.610635992,1.143030035,0.55
1,374,1,0.95980623,0.418693295,0.55
1,375,1,0.04179115,-0.305643446,0.55
1,376,1,0.04179115,1.625921195,0.55
1,377,1,-1.427032976,-1.754316926,0.55
1,378,0,0.408997182,0.901584455,0.54
1,379,1,-1.00474604,-0.788534606,0.54
1,380,1,0.95980623,1.625921195,0.54
1,381,1,-1.24342996,-0.305643446,0.54
1,382,1,1.327012261,1.625921195,0.54
1,383,1,-1.427032976,0.418693295,0.54
1,384,1,0.592600198,-0.547089026,0.53
1,385,1,-0.141811865,0.177247714,0.53
1,386,0,0.776203214,0.660138875,0.52
1,387,0,-0.417216389,-0.788534606,0.52
1,388,1,-0.509017897,0.660138875,0.52
1,389,0,-0.325414881,-0.064197866,0.51
1,390,1,1.143409245,0.418693295,0.51
1,391,1,-0.509017897,0.660138875,0.51
1,392,1,0.95980623,-0.788534606,0.51
1,393,1,-0.692620913,0.177247714,0.5
1,394,1,0.776203214,-0.305643446,0.5
1,395,0,-0.692620913,1.143030035,0.5
1,396,1,-0.876223929,-1.512871346,0.5
1,397,0,-1.335231468,0.660138875,0.49
1,398,1,1.694218293,0.901584455,0.49
1,399,1,0.776203214,-0.064197866,0.49
1,400,1,0.225394166,0.901584455,0.48
1,401,0,0.776203214,-1.512871346,0.48
1,402,1,0.225394166,-0.064197866,0.48
1,403,1,1.327012261,-0.064197866,0.48
1,404,1,1.510615277,-1.512871346,0.48
1,405,1,1.694218293,0.660138875,0.48
1,406,1,-0.509017897,-0.305643446,0.48
1,407,1,-0.141811865,0.660138875,0.48
1,408,1,-0.325414881,0.418693295,0.47
1,409,1,1.694218293,0.660138875,0.47
1,410,1,0.776203214,1.384475615,0.47
1,411,0,0.592600198,-0.788534606,0.47
1,412,0,-0.141811865,-0.547089026,0.47
1,413,1,-0.325414881,0.177247714,0.46
1,414,1,0.776203214,1.384475615,0.46
1,415,1,-0.692620913,-1.029980186,0.46
1,416,1,-0.141811865,0.901584455,0.45
1,417,1,0.776203214,-2.237208087,0.45
1,418,1,-1.24342996,0.901584455,0.45
1,419,0,-0.600819405,-0.064197866,0.44
1,420,1,0.225394166,0.177247714,0.44
1,421,0,1.327012261,1.625921195,0.44
1,422,1,0.592600198,1.625921195,0.44
1,423,1,0.04179115,-0.064197866,0.44
1,424,0,0.95980623,-0.305643446,0.44
1,425,1,-0.325414881,-2.237208087,0.44
1,426,0,-0.141811865,0.418693295,0.43
1,427,1,0.04179115,0.901584455,0.43
1,428,1,0.592600198,1.625921195,0.43
1,429,1,0.592600198,-0.064197866,0.43
1,430,1,0.95980623,-0.788534606,0.43
1,431,1,-0.141811865,-3.444435987,0.41
1,432,1,-1.059826945,0.660138875,0.41
1,433,1,-1.059826945,-0.788534606,0.41
1,434,0,0.408997182,-0.547089026,0.41
1,435,1,0.225394166,-0.788534606,0.4
1,436,1,-0.233613373,-0.064197866,0.4
1,437,0,0.225394166,-1.512871346,0.4
1,438,1,0.408997182,1.625921195,0.4
1,439,1,-0.692620913,0.177247714,0.4
1,440,1,-0.509017897,-0.547089026,0.4
1,441,1,-0.050010358,0.901584455,0.39
1,442,1,-0.325414881,-0.788534606,0.39
1,443,1,1.143409245,0.418693295,0.38
1,444,1,-1.977842024,1.143030035,0.38
1,445,1,-0.509017897,-0.788534606,0.38
1,446,1,0.95980623,0.418693295,0.38
1,447,1,0.50079869,-0.547089026,0.38
1,448,1,0.04179115,-0.305643446,0.38
1,449,1,-0.876223929,0.660138875,0.37
1,450,1,1.327012261,1.384475615,0.37
1,451,1,0.225394166,0.177247714,0.37
1,452,1,0.225394166,0.901584455,0.36
1,453,1,-0.876223929,-0.305643446,0.36
1,454,1,-0.141811865,-0.547089026,0.36
1,455,1,0.592600198,-0.788534606,0.36
1,456,1,0.04179115,0.177247714,0.35
1,457,1,0.225394166,0.901584455,0.35
1,458,1,-1.886040516,1.384475615,0.35
1,459,0,0.776203214,-1.512871346,0.35
1,460,1,0.133592658,0.418693295,0.35
1,461,1,0.95980623,1.143030035,0.34
1,462,1,0.04179115,-1.029980186,0.34
1,463,1,0.04179115,0.660138875,0.34
1,464,1,0.95980623,-0.305643446,0.34
1,465,1,0.592600198,-1.271425766,0.34
1,466,1,0.776203214,-1.995762506,0.34
1,467,1,0.776203214,0.660138875,0.34
1,468,1,-0.141811865,-1.271425766,0.33
1,469,1,1.877821309,-0.305643446,0.33
1,470,0,-1.059826945,-0.547089026,0.32
1,471,1,1.877821309,0.418693295,0.32
1,472,0,0.776203214,-0.064197866,0.32
1,473,1,-0.876223929,0.418693295,0.32
1,474,0,-0.141811865,0.177247714,0.32
1,475,1,0.225394166,-0.305643446,0.32
1,476,1,-1.24342996,0.901584455,0.31
1,477,1,0.592600198,0.901584455,0.31
1,478,1,-1.059826945,-0.064197866,0.31
1,479,1,0.592600198,1.384475615,0.3
1,480,0,-0.325414881,0.418693295,0.3
1,481,1,0.225394166,0.901584455,0.29
1,482,1,0.225394166,0.418693295,0.29
1,483,1,-0.141811865,1.625921195,0.29
1,484,0,0.04179115,-0.547089026,0.29
1,485,0,0.225394166,1.143030035,0.29
1,486,1,-0.325414881,-0.064197866,0.29
1,487,0,0.04179115,0.177247714,0.28
1,488,1,-1.059826945,-0.064197866,0.28
1,489,1,0.408997182,-0.064197866,0.28
1,490,1,-0.876223929,-1.512871346,0.28
1,491,1,-0.325414881,-1.512871346,0.28
1,492,1,-1.794239008,-0.788534606,0.28
1,493,1,0.225394166,0.418693295,0.27
1,494,0,-0.509017897,0.901584455,0.27
1,495,1,0.408997182,-0.788534606,0.27
1,496,1,0.408997182,-0.064197866,0.27
1,497,1,1.510615277,0.177247714,0.27
1,498,1,-0.325414881,-0.064197866,0.27
1,499,1,0.776203214,0.901584455,0.26
1,500,1,-0.141811865,-0.064197866,0.26
1,501,1,2.061424325,1.143030035,0.26
1,502,1,0.04179115,-0.305643446,0.26
1,503,1,0.592600198,-0.064197866,0.25
1,504,1,0.776203214,1.143030035,0.25
1,505,1,-0.876223929,-2.478653667,0.25
1,506,1,-1.059826945,0.660138875,0.24
1,507,1,0.408997182,0.660138875,0.24
1,508,1,0.776203214,0.177247714,0.24
1,509,1,0.04179115,0.901584455,0.24
1,510,1,-0.050010358,0.418693295,0.23
1,511,1,0.225394166,-0.305643446,0.23
1,512,0,0.776203214,-0.788534606,0.23
1,513,1,-0.509017897,-0.064197866,0.23
1,514,1,0.04179115,1.384475615,0.22
1,515,1,1.510615277,-0.547089026,0.22
1,516,1,0.408997182,-0.788534606,0.22
1,517,1,-0.876223929,0.177247714,0.22
1,518,1,0.408997182,1.625921195,0.22
1,519,1,1.327012261,1.143030035,0.22
1,520,1,-0.141811865,-1.271425766,0.21
1,521,1,-0.692620913,-1.754316926,0.21
1,522,1,0.408997182,-1.271425766,0.21
1,523,1,0.04179115,-1.271425766,0.21
1,524,1,0.592600198,0.660138875,0.2
1,525,0,0.95980623,0.660138875,0.2
1,526,1,1.694218293,1.867366775,0.2
1,527,1,-0.325414881,0.418693295,0.2
1,528,1,0.776203214,-0.064197866,0.2
1,529,1,-0.141811865,0.660138875,0.2
1,530,1,-0.141811865,-0.788534606,0.19
1,531,1,-0.509017897,-0.305643446,0.19
1,532,1,1.143409245,-0.305643446,0.19
1,533,1,-0.509017897,-1.271425766,0.19
1,534,0,-1.059826945,-2.478653667,0.18
1,535,1,-0.325414881,-0.547089026,0.18
1,536,1,-0.141811865,-0.064197866,0.17
1,537,1,-0.509017897,-0.305643446,0.17
1,538,1,0.04179115,0.901584455,0.17
1,539,1,1.877821309,0.177247714,0.17
1,540,1,0.225394166,1.143030035,0.17
1,541,1,0.95980623,-0.547089026,0.17
1,542,1,0.592600198,0.901584455,0.17
1,543,1,-0.509017897,0.660138875,0.17
1,544,1,-1.151628453,0.177247714,0.16
1,545,0,-1.24342996,0.177247714,0.16
1,546,1,0.408997182,0.901584455,0.16
1,547,0,0.04179115,-0.064197866,0.16
1,548,1,-0.141811865,-1.512871346,0.15
1,549,1,1.143409245,0.660138875,0.15
1,550,1,0.225394166,1.625921195,0.15
1,551,0,-0.600819405,0.177247714,0.15
1,552,0,0.95980623,0.418693295,0.15
1,553,1,0.408997182,-1.271425766,0.15
1,554,1,0.592600198,-0.547089026,0.14
1,555,0,0.225394166,1.143030035,0.14
1,556,0,0.04179115,-1.754316926,0.14
1,557,1,0.225394166,0.901584455,0.14
1,558,1,-1.059826945,1.384475615,0.14
1,559,1,-0.141811865,1.384475615,0.14
1,560,0,0.408997182,-0.305643446,0.14
1,561,1,-0.876223929,-1.029980186,0.14
1,562,1,1.510615277,-0.064197866,0.14
1,563,1,-0.509017897,0.177247714,0.14
1,564,1,-1.335231468,0.177247714,0.14
1,565,1,0.95980623,0.660138875,0.13
1,566,1,0.776203214,1.143030035,0.13
1,567,1,0.408997182,1.143030035,0.13
1,568,1,-1.977842024,-0.547089026,0.12
1,569,1,0.04179115,0.660138875,0.12
1,570,1,0.95980623,0.177247714,0.12
1,571,1,0.776203214,-0.305643446,0.12
1,572,1,-0.141811865,-0.547089026,0.12
1,573,1,0.317195674,-1.754316926,0.12
1,574,1,-1.059826945,-1.512871346,0.12
1,575,1,-0.692620913,-0.305643446,0.11
1,576,1,-0.141811865,-0.305643446,0.11
1,577,1,0.225394166,1.384475615,0.11
1,578,1,0.408997182,-0.305643446,0.11
1,579,1,0.225394166,1.143030035,0.1
1,580,1,0.592600198,-0.064197866,0.1
1,581,1,1.877821309,1.143030035,0.1
1,582,1,-0.509017897,0.660138875,0.1
1,583,1,-0.692620913,0.660138875,0.1
1,584,1,-0.784422421,0.177247714,0.1
1,585,1,0.592600198,-1.995762506,0.1
1,586,1,0.592600198,-0.547089026,0.1
1,587,1,0.170313261,-0.305643446,0.1
1,588,1,-0.747701818,-0.305643446,0.1
1,589,1,-0.141811865,0.901584455,0.09
1,590,0,-0.141811865,-0.788534606,0.09
1,591,0,0.408997182,0.418693295,0.09
1,592,1,-1.24342996,-0.305643446,0.09
1,593,1,1.510615277,1.143030035,0.09
1,594,1,0.592600198,1.143030035,0.09
1,595,1,1.143409245,-0.788534606,0.09
1,596,1,-0.141811865,-0.305643446,0.08
1,597,1,-0.141811865,-1.029980186,0.08
1,598,0,0.95980623,0.901584455,0.08
1,599,1,-0.509017897,0.660138875,0.08
1,600,0,-0.509017897,1.143030035,0.08
1,601,1,0.408997182,-0.547089026,0.07
1,602,1,1.051607737,1.143030035,0.07
1,603,1,-1.427032976,-1.512871346,0.07
1,604,1,-1.059826945,-0.305643446,0.07
1,605,1,-0.141811865,0.177247714,0.06
1,606,1,-0.509017897,0.660138875,0.06
1,607,1,-1.188349056,0.177247714,0.06
1,608,1,0.95980623,1.625921195,0.06
1,609,1,0.776203214,-0.547089026,0.05
1,610,0,1.143409245,-1.754316926,0.05
1,611,1,0.776203214,0.901584455,0.05
1,612,1,0.04179115,-0.305643446,0.05
1,613,1,-0.050010358,-0.305643446,0.05
1,614,1,-1.427032976,0.901584455,0.05
1,615,1,-0.509017897,0.660138875,0.05
1,616,1,-0.692620913,0.660138875,0.05
1,617,1,0.225394166,-0.547089026,0.04
1,618,0,-1.24342996,-0.547089026,0.04
1,619,1,0.317195674,1.143030035,0.03
1,620,1,-0.509017897,0.901584455,0.03
1,621,1,-0.692620913,-1.271425766,0.03
1,622,1,-0.233613373,0.177247714,0.03
1,623,1,0.133592658,-0.305643446,0.03
1,624,0,1.877821309,0.177247714,0.02
1,625,1,2.061424325,1.625921195,0.02
1,626,1,-0.876223929,0.177247714,0.02
1,627,1,0.408997182,-0.547089026,0.02
1,628,1,-0.509017897,-0.305643446,0.01
1,629,1,-0.509017897,-1.271425766,0.01
1,630,1,-0.417216389,-0.547089026,0.01
1,631,0,-0.325414881,-1.995762506,0.01
1,632,1,0.776203214,0.418693295,0.01
1,633,1,0.776203214,0.177247714,0.01
1,634,0,0.04179115,1.143030035,0.01
1,635,1,-1.151628453,-1.271425766,0.0
1,636,1,0.04179115,-0.305643446,0.0
1,637,1,0.95980623,0.901584455,-0.01
1,638,1,0.408997182,-0.064197866,-0.02
1,639,1,-0.509017897,0.177247714,-0.02
1,640,1,-0.141811865,0.901584455,-0.02
1,641,1,0.04179115,0.177247714,-0.02
1,642,1,-1.059826945,-1.512871346,-0.03
1,643,0,2.061424325,1.384475615,-0.03
1,644,1,-0.692620913,-1.754316926,-0.03
1,645,1,0.592600198,-1.512871346,-0.03
1,646,1,-1.059826945,0.418693295,-0.03
1,647,1,0.776203214,0.901584455,-0.03
1,648,1,1.510615277,0.660138875,-0.03
1,649,1,-0.233613373,-1.754316926,-0.03
1,650,1,-1.059826945,-0.788534606,-0.03
1,651,1,0.408997182,-2.237208087,-0.04
1,652,1,2.061424325,-1.029980186,-0.04
1,653,1,1.143409245,-1.995762506,-0.04
1,654,1,-0.968025437,-0.305643446,-0.04
1,655,1,0.408997182,1.143030035,-0.04
1,656,1,0.225394166,0.177247714,-0.05
1,657,1,-2.895857103,-0.788534606,-0.05
1,658,1,-0.692620913,0.901584455,-0.05
1,659,1,-0.509017897,-1.995762506,-0.05
1,660,1,0.592600198,-1.995762506,-0.05
1,661,0,0.04179115,-0.305643446,-0.05
1,662,1,0.776203214,1.143030035,-0.05
1,663,1,-1.24342996,0.177247714,-0.06
1,664,1,0.408997182,0.418693295,-0.06
1,665,1,-1.24342996,-0.788534606,-0.06
1,666,1,2.061424325,0.177247714,-0.06
1,667,1,1.143409245,0.177247714,-0.07
1,668,1,-0.692620913,-0.064197866,-0.07
1,669,0,0.776203214,-1.512871346,-0.07
1,670,1,-0.509017897,-0.547089026,-0.07
1,671,1,-0.509017897,-0.305643446,-0.08
1,672,1,-0.692620913,0.177247714,-0.08
1,673,1,0.225394166,-0.305643446,-0.08
1,674,0,0.225394166,-0.547089026,-0.08
1,675,1,1.327012261,0.177247714,-0.08
1,676,1,-1.610635992,-1.029980186,-0.09
1,677,1,-0.325414881,0.418693295,-0.09
1,678,1,1.510615277,1.143030035,-0.09
1,679,1,-0.784422421,0.177247714,-0.09
1,680,1,0.04179115,0.177247714,-0.09
1,681,1,-2.16144504,0.177247714,-0.09
1,682,1,-0.600819405,0.177247714,-0.1
1,683,1,-0.509017897,-1.754316926,-0.1
1,684,1,0.225394166,-1.512871346,-0.1
1,685,1,-0.325414881,-2.237208087,-0.1
1,686,1,-2.528651071,0.177247714,-0.1
1,687,1,-1.151628453,0.418693295,-0.1
1,688,1,0.408997182,-0.305643446,-0.1
1,689,1,-1.7024375,-1.995762506,-0.1
1,690,1,0.408997182,-1.754316926,-0.1
1,691,0,0.04179115,-1.029980186,-0.1
1,692,1,-0.325414881,-0.547089026,-0.11
1,693,1,1.694218293,0.418693295,-0.11
1,694,1,-1.427032976,-0.547089026,-0.11
1,695,0,0.04179115,-0.064197866,-0.11
1,696,1,-0.509017897,-2.478653667,-0.11
1,697,1,0.225394166,-1.512871346,-0.11
1,698,0,1.877821309,0.901584455,-0.12
1,699,1,1.694218293,-0.064197866,-0.12
1,700,1,-0.509017897,-2.478653667,-0.12
1,701,0,-0.692620913,0.418693295,-0.12
1,702,1,0.408997182,-0.305643446,-0.13
1,703,1,-0.325414881,0.901584455,-0.13
1,704,0,1.510615277,-1.754316926,-0.13
1,705,1,0.225394166,0.660138875,-0.13
1,706,1,-0.692620913,-0.305643446,-0.13
1,707,1,-1.059826945,-0.305643446,-0.13
1,708,1,-0.509017897,-0.547089026,-0.14
1,709,1,-0.509017897,0.901584455,-0.14
1,710,1,0.776203214,-0.305643446,-0.14
1,711,1,0.776203214,1.143030035,-0.14
1,712,0,-0.509017897,-0.788534606,-0.14
1,713,1,-0.509017897,-0.064197866,-0.15
1,714,1,0.408997182,-0.305643446,-0.16
1,715,1,-1.059826945,-0.788534606,-0.16
1,716,0,0.408997182,0.660138875,-0.16
1,717,1,-2.712254087,0.177247714,-0.16
1,718,1,-2.528651071,1.143030035,-0.17
1,719,1,0.592600198,-0.547089026,-0.17
1,720,0,0.592600198,0.177247714,-0.17
1,721,1,-0.141811865,0.418693295,-0.17
1,722,1,-0.509017897,0.901584455,-0.18
1,723,1,0.225394166,0.418693295,-0.18
1,724,1,0.225394166,0.901584455,-0.19
1,725,1,0.225394166,1.143030035,-0.19
1,726,1,2.061424325,0.660138875,-0.19
1,727,1,-0.141811865,-0.064197866,-0.19
1,728,1,1.510615277,1.625921195,-0.19
1,729,1,-1.059826945,-0.305643446,-0.19
1,730,1,-0.325414881,-1.271425766,-0.19
1,731,1,-0.325414881,-0.788534606,-0.2
1,732,1,0.225394166,0.660138875,-0.2
1,733,1,0.225394166,0.901584455,-0.21
1,734,1,-0.692620913,-0.064197866,-0.21
1,735,0,1.327012261,-1.029980186,-0.21
1,736,1,-0.325414881,0.418693295,-0.21
1,737,1,0.04179115,0.660138875,-0.21
1,738,1,-0.141811865,-0.788534606,-0.21
1,739,1,0.225394166,0.418693295,-0.21
1,740,1,0.776203214,-0.305643446,-0.22
1,741,1,1.510615277,-1.754316926,-0.22
1,742,0,-0.876223929,-1.271425766,-0.22
1,743,1,-2.345048055,1.384475615,-0.23
1,744,1,-0.325414881,1.143030035,-0.24
1,745,1,0.776203214,0.418693295,-0.24
1,746,1,-0.325414881,-0.788534606,-0.24
1,747,1,-1.151628453,0.901584455,-0.24
1,748,1,-0.325414881,-0.788534606,-0.24
1,749,1,0.592600198,0.901584455,-0.24
1,750,1,-0.141811865,-1.029980186,-0.24
1,751,1,0.592600198,0.177247714,-0.24
1,752,1,-0.233613373,-1.754316926,-0.24
1,753,1,-0.141811865,-0.064197866,-0.25
1,754,1,-1.794239008,-2.237208087,-0.25
1,755,0,0.225394166,-0.547089026,-0.25
1,756,1,0.95980623,1.384475615,-0.25
1,757,1,-1.518834484,0.177247714,-0.25
1,758,1,-0.968025437,-0.788534606,-0.25
1,759,1,1.143409245,1.625921195,-0.26
1,760,0,0.776203214,-0.547089026,-0.26
1,761,1,-0.325414881,-2.478653667,-0.26
1,762,0,0.408997182,0.177247714,-0.26
1,763,1,2.061424325,1.384475615,-0.26
1,764,1,0.95980623,-0.305643446,-0.26
1,765,1,-2.712254087,-1.512871346,-0.26
1,766,0,1.327012261,0.660138875,-0.26
1,767,1,1.510615277,0.660138875,-0.26
1,768,1,0.133592658,-0.305643446,-0.27
1,769,0,-0.876223929,-0.064197866,-0.27
1,770,1,-2.804055595,-0.064197866,-0.27
1,771,1,-1.427032976,0.660138875,-0.28
1,772,0,1.327012261,-0.547089026,-0.28
1,773,1,-1.794239008,-1.029980186,-0.28
1,774,1,-0.784422421,-0.547089026,-0.28
1,775,1,-0.141811865,1.867366775,-0.28
1,776,0,-1.24342996,0.177247714,-0.28
1,777,1,0.225394166,-1.512871346,-0.29
1,778,1,-1.427032976,-0.547089026,-0.29
1,779,1,-0.509017897,0.418693295,-0.29
1,780,1,-1.059826945,-0.064197866,-0.3
1,781,1,-0.233613373,-2.237208087,-0.3
1,782,1,0.95980623,0.418693295,-0.3
1,783,1,0.04179115,-0.547089026,-0.3
1,784,1,1.694218293,-0.064197866,-0.3
1,785,0,1.877821309,1.384475615,-0.3
1,786,0,0.225394166,-1.512871346,-0.3
1,787,1,0.408997182,-1.029980186,-0.31
1,788,1,-1.24342996,-0.788534606,-0.31
1,789,1,-0.050010358,0.901584455,-0.31
1,790,1,-0.509017897,-1.029980186,-0.31
1,791,1,0.408997182,0.177247714,-0.32
1,792,1,0.592600198,0.418693295,-0.32
1,793,1,0.225394166,0.660138875,-0.32
1,794,1,-1.886040516,0.660138875,-0.32
1,795,0,-1.059826945,0.901584455,-0.32
1,796,1,-0.876223929,-0.547089026,-0.33
1,797,1,-1.24342996,-0.547089026,-0.33
1,798,1,-0.692620913,0.418693295,-0.33
1,799,1,-1.886040516,-0.788534606,-0.33
1,800,1,0.647681103,0.901584455,-0.34
1,801,1,-0.509017897,-0.064197866,-0.34
1,802,1,-1.610635992,-1.029980186,-0.34
1,803,1,-0.141811865,-0.064197866,-0.34
1,804,1,-0.692620913,0.901584455,-0.34
1,805,1,-0.876223929,-0.547089026,-0.34
1,806,1,1.877821309,-0.547089026,-0.34
1,807,1,0.592600198,-0.305643446,-0.34
1,808,1,0.592600198,1.867366775,-0.35
1,809,0,-0.692620913,-2.237208087,-0.35
1,810,1,-0.692620913,1.625921195,-0.35
1,811,1,0.225394166,1.625921195,-0.35
1,812,1,0.95980623,-1.029980186,-0.35
1,813,1,0.225394166,-1.512871346,-0.36
1,814,1,-1.427032976,0.418693295,-0.36
1,815,1,0.225394166,0.418693295,-0.36
1,816,0,0.592600198,-0.064197866,-0.36
1,817,1,0.225394166,0.177247714,-0.36
1,818,1,0.04179115,-0.788534606,-0.36
1,819,1,-1.059826945,0.418693295,-0.36
1,820,0,-0.692620913,0.177247714,-0.36
1,821,1,1.327012261,-0.305643446,-0.37
1,822,1,0.592600198,0.177247714,-0.37
1,823,1,-1.335231468,0.418693295,-0.37
1,824,1,0.776203214,-1.029980186,-0.37
1,825,1,0.50079869,0.901584455,-0.38
1,826,1,0.95980623,-1.271425766,-0.38
1,827,1,-0.876223929,1.143030035,-0.38
1,828,1,-0.325414881,1.143030035,-0.38
1,829,1,0.95980623,1.143030035,-0.38
1,830,1,-0.050010358,0.660138875,-0.39
1,831,1,0.225394166,0.660138875,-0.39
1,832,1,0.225394166,0.177247714,-0.39
1,833,1,-0.509017897,-0.305643446,-0.39
1,834,1,0.225394166,0.418693295,-0.39
1,835,1,-1.794239008,-0.064197866,-0.39
1,836,1,0.776203214,-0.788534606,-0.39
1,837,1,0.04179115,1.143030035,-0.39
1,838,1,-3.024379214,-2.478653667,-0.4
1,839,1,0.408997182,1.143030035,-0.4
1,840,1,0.95980623,-0.305643446,-0.4
1,841,1,-0.509017897,-0.547089026,-0.4
1,842,1,0.592600198,-1.029980186,-0.41
1,843,1,-1.794239008,-0.305643446,-0.41
1,844,1,0.95980623,-0.305643446,-0.41
1,845,1,-0.876223929,-0.788534606,-0.41
1,846,0,0.408997182,-1.029980186,-0.42
1,847,1,-1.794239008,1.143030035,-0.42
1,848,1,-2.16144504,1.143030035,-0.42
1,849,1,-0.876223929,-1.271425766,-0.42
1,850,1,-1.427032976,-2.237208087,-0.43
1,851,1,-0.325414881,0.660138875,-0.43
1,852,1,-1.188349056,-1.754316926,-0.43
1,853,1,0.592600198,0.418693295,-0.43
1,854,1,0.592600198,-0.547089026,-0.43
1,855,1,0.04179115,0.901584455,-0.43
1,856,0,1.327012261,-0.305643446,-0.43
1,857,0,0.408997182,-0.064197866,-0.43
1,858,1,-0.784422421,-0.064197866,-0.44
1,859,1,0.95980623,0.177247714,-0.44
1,860,1,-0.509017897,0.660138875,-0.44
1,861,1,0.776203214,1.143030035,-0.44
1,862,1,-1.610635992,-0.305643446,-0.44
1,863,0,-1.977842024,-0.305643446,-0.44
1,864,1,-0.141811865,-2.237208087,-0.45
1,865,1,-0.968025437,-2.478653667,-0.45
1,866,1,0.225394166,-0.547089026,-0.45
1,867,1,1.327012261,0.901584455,-0.46
1,868,1,0.04179115,-0.788534606,-0.46
1,869,0,0.776203214,-0.788534606,-0.46
1,870,1,-0.876223929,-0.064197866,-0.47
1,871,1,0.04179115,-0.064197866,-0.47
1,872,1,-0.509017897,0.418693295,-0.47
1,873,1,0.04179115,-0.064197866,-0.47
1,874,1,0.225394166,0.177247714,-0.48
1,875,1,-1.518834484,1.143030035,-0.48
1,876,1,0.04179115,0.660138875,-0.48
1,877,1,-1.24342996,-0.064197866,-0.48
1,878,1,0.592600198,0.660138875,-0.48
1,879,1,-0.692620913,-0.547089026,-0.48
1,880,0,0.776203214,0.901584455,-0.49
1,881,1,-0.325414881,-0.547089026,-0.49
1,882,1,-0.325414881,-0.788534606,-0.49
1,883,1,-1.24342996,1.625921195,-0.49
1,884,1,-0.509017897,-0.305643446,-0.5
1,885,1,-1.24342996,-1.512871346,-0.5
1,886,1,-1.059826945,0.177247714,-0.5
1,887,1,0.04179115,-0.305643446,-0.5
1,888,1,-1.24342996,-0.547089026,-0.51
1,889,0,0.225394166,1.143030035,-0.51
1,890,0,-0.692620913,-0.064197866,-0.51
1,891,1,0.408997182,-1.271425766,-0.51
1,892,1,0.225394166,-0.547089026,-0.52
1,893,1,-0.141811865,-1.271425766,-0.52
1,894,0,-0.325414881,-0.305643446,-0.52
1,895,0,-0.876223929,-2.720099247,-0.53
1,896,1,-0.141811865,0.660138875,-0.53
1,897,1,-0.380495786,-1.271425766,-0.53
1,898,1,1.510615277,0.660138875,-0.53
1,899,1,-0.050010358,-0.305643446,-0.53
1,900,1,-0.325414881,1.143030035,-0.54
1,901,1,-3.079460119,-1.271425766,-0.54
1,902,1,-0.600819405,0.418693295,-0.54
1,903,1,-1.24342996,-0.788534606,-0.54
1,904,1,-0.876223929,-0.788534606,-0.54
1,905,0,-1.610635992,-0.064197866,-0.55
1,906,1,0.776203214,0.418693295,-0.55
1,907,1,-0.325414881,-1.754316926,-0.55
1,908,1,1.143409245,-0.547089026,-0.55
1,909,1,0.225394166,-0.547089026,-0.55
1,910,1,0.225394166,-1.271425766,-0.56
1,911,1,0.776203214,-0.305643446,-0.56
1,912,1,0.408997182,-0.547089026,-0.56
1,913,1,0.408997182,0.418693295,-0.56
1,914,1,0.95980623,-0.064197866,-0.56
1,915,1,1.510615277,1.143030035,-0.56
1,916,1,0.04179115,0.901584455,-0.56
1,917,1,-1.977842024,0.177247714,-0.56
1,918,1,-0.233613373,-0.305643446,-0.57
1,919,1,-0.141811865,-0.547089026,-0.57
1,920,1,-0.692620913,-1.754316926,-0.58
1,921,1,-2.16144504,-0.788534606,-0.58
1,922,1,-0.325414881,-2.478653667,-0.58
1,923,1,0.95980623,-0.547089026,-0.59
1,924,1,-1.427032976,-1.029980186,-0.59
1,925,1,-1.24342996,0.418693295,-0.59
1,926,0,-0.141811865,1.143030035,-0.59
1,927,1,-1.610635992,-1.754316926,-0.59
1,928,1,-1.24342996,0.660138875,-0.6
1,929,1,-0.509017897,-0.305643446,-0.6
1,930,1,0.776203214,0.660138875,-0.6
1,931,1,0.776203214,0.418693295,-0.6
1,932,1,-0.692620913,-0.305643446,-0.6
1,933,1,-0.692620913,0.418693295,-0.6
1,934,1,0.776203214,-0.788534606,-0.61
1,935,1,-0.141811865,-1.271425766,-0.62
1,936,1,0.225394166,-1.512871346,-0.62
1,937,1,-0.325414881,-0.547089026,-0.62
1,938,1,-0.692620913,1.384475615,-0.62
1,939,0,0.225394166,-0.064197866,-0.62
1,940,1,0.225394166,-0.305643446,-0.63
1,941,0,0.04179115,-1.754316926,-0.63
1,942,1,1.327012261,1.384475615,-0.64
1,943,1,0.225394166,0.901584455,-0.64
1,944,1,-0.325414881,-0.788534606,-0.64
1,945,1,-0.141811865,-0.064197866,-0.64
1,946,1,-0.417216389,1.384475615,-0.65
1,947,0,-1.610635992,-2.478653667,-0.65
1,948,1,-1.977842024,0.177247714,-0.66
1,949,1,-0.692620913,-1.512871346,-0.66
1,950,0,0.04179115,-1.512871346,-0.66
1,951,1,-0.509017897,0.660138875,-0.66
1,952,0,-0.968025437,-0.788534606,-0.66
1,953,0,-0.509017897,-1.029980186,-0.67
1,954,1,-1.886040516,-1.029980186,-0.67
1,955,0,1.327012261,1.867366775,-0.67
1,956,1,1.235210753,1.384475615,-0.69
1,957,1,-0.325414881,-0.305643446,-0.69
1,958,1,-1.371952072,-0.547089026,-0.69
1,959,0,-0.325414881,-0.788534606,-0.69
1,960,0,1.327012261,0.177247714,-0.69
1,961,1,-1.7024375,-0.547089026,-0.7
1,962,1,0.04179115,-0.547089026,-0.7
1,963,1,0.868004722,-1.029980186,-0.71
1,964,1,-0.325414881,-1.029980186,-0.71
1,965,1,0.408997182,1.143030035,-0.71
1,966,1,-1.24342996,0.660138875,-0.71
1,967,1,-2.16144504,-0.788534606,-0.71
1,968,1,-0.141811865,-1.512871346,-0.72
1,969,0,0.95980623,1.625921195,-0.72
1,970,1,-0.509017897,-0.788534606,-0.73
1,971,1,0.592600198,0.418693295,-0.73
1,972,1,-0.233613373,-3.202990407,-0.73
1,973,1,0.04179115,0.177247714,-0.73
1,974,1,-1.794239008,-1.271425766,-0.73
1,975,1,0.408997182,1.143030035,-0.73
1,976,1,-0.692620913,-0.547089026,-0.73
1,977,0,0.776203214,0.418693295,-0.75
1,978,0,-0.876223929,-0.788534606,-0.75
1,979,1,-1.977842024,0.177247714,-0.75
1,980,1,-1.427032976,-1.754316926,-0.75
1,981,1,1.143409245,0.177247714,-0.76
1,982,1,0.592600198,-0.788534606,-0.76
1,983,1,-1.610635992,-0.547089026,-0.76
1,984,1,-0.325414881,-0.788534606,-0.77
1,985,1,-1.151628453,-0.064197866,-0.77
1,986,1,-0.141811865,-0.064197866,-0.78
1,987,1,1.510615277,1.625921195,-0.78
1,988,1,-0.141811865,-0.788534606,-0.78
1,989,1,0.592600198,-0.064197866,-0.78
1,990,1,0.95980623,0.418693295,-0.78
1,991,1,-0.692620913,-1.271425766,-0.78
1,992,1,-0.509017897,1.384475615,-0.79
1,993,1,0.592600198,-0.788534606,-0.79
1,994,1,-0.325414881,0.418693295,-0.79
1,995,1,-3.868953087,-2.237208087,-0.79
1,996,1,-0.692620913,-0.788534606,-0.79
1,997,1,0.684401706,-0.064197866,-0.79
1,998,1,-0.509017897,0.660138875,-0.79
1,999,1,-0.325414881,-0.547089026,-0.8
1,1000,0,-0.876223929,0.177247714,-0.8
1,1001,0,0.592600198,0.418693295,-0.8
1,1002,0,0.776203214,0.901584455,-0.8
1,1003,1,-0.692620913,-1.271425766,-0.8
1,1004,1,-0.509017897,-0.305643446,-0.81
1,1005,1,-1.059826945,0.660138875,-0.81
1,1006,0,0.04179115,-0.788534606,-0.81
1,1007,1,0.95980623,-0.547089026,-0.82
1,1008,1,-0.692620913,-0.064197866,-0.82
1,1009,1,-0.876223929,-1.029980186,-0.83
1,1010,1,-0.509017897,0.418693295,-0.83
1,1011,1,0.408997182,1.143030035,-0.83
1,1012,1,-0.141811865,0.660138875,-0.84
1,1013,1,-1.335231468,-0.788534606,-0.84
1,1014,1,-0.509017897,0.660138875,-0.84
1,1015,1,-0.876223929,-0.547089026,-0.84
1,1016,1,-2.16144504,-1.995762506,-0.85
1,1017,1,0.776203214,0.418693295,-0.85
1,1018,1,-0.876223929,-1.029980186,-0.85
1,1019,1,1.877821309,0.418693295,-0.85
1,1020,0,-0.325414881,-0.547089026,-0.86
1,1021,1,0.408997182,-0.305643446,-0.86
1,1022,0,-0.876223929,-1.754316926,-0.86
1,1023,1,-0.325414881,0.418693295,-0.87
1,1024,1,-0.876223929,-0.788534606,-0.87
1,1025,1,-1.427032976,-1.995762506,-0.87
1,1026,1,0.225394166,0.660138875,-0.88
1,1027,1,0.592600198,-0.305643446,-0.88
1,1028,1,0.408997182,1.384475615,-0.88
1,1029,0,-3.171261627,0.418693295,-0.89
1,1030,1,-1.7024375,-0.547089026,-0.89
1,1031,1,-1.059826945,-0.305643446,-0.89
1,1032,1,0.592600198,-0.547089026,-0.89
1,1033,1,-1.610635992,0.901584455,-0.89
1,1034,0,-0.692620913,-1.754316926,-0.89
1,1035,1,-1.151628453,-1.995762506,-0.89
1,1036,1,-0.325414881,-1.995762506,-0.9
1,1037,1,-0.325414881,1.625921195,-0.9
1,1038,1,-3.813872182,-1.029980186,-0.9
1,1039,1,0.776203214,0.901584455,-0.9
1,1040,1,-0.325414881,0.660138875,-0.9
1,1041,1,0.408997182,-0.547089026,-0.9
1,1042,1,-0.325414881,0.418693295,-0.91
1,1043,0,-1.24342996,-1.995762506,-0.91
1,1044,1,-1.335231468,0.418693295,-0.93
1,1045,1,0.592600198,-1.754316926,-0.93
1,1046,0,-1.555555087,-1.029980186,-0.93
1,1047,1,-0.600819405,-2.720099247,-0.94
1,1048,1,-1.24342996,0.177247714,-0.94
1,1049,1,0.408997182,-0.788534606,-0.95
1,1050,1,-0.417216389,0.177247714,-0.95
1,1051,1,1.510615277,0.901584455,-0.96
1,1052,1,-0.141811865,-0.547089026,-0.96
1,1053,1,0.95980623,1.384475615,-0.96
1,1054,1,-1.7024375,-0.788534606,-0.96
1,1055,1,-0.692620913,-0.788534606,-0.96
1,1056,1,-1.059826945,-0.788534606,-0.97
1,1057,1,-0.509017897,-1.754316926,-0.97
1,1058,1,-0.509017897,-0.788534606,-0.97
1,1059,1,-1.7024375,-2.720099247,-0.98
1,1060,1,-0.692620913,-0.305643446,-0.99
1,1061,1,-0.968025437,0.901584455,-1.0
1,1062,1,0.225394166,1.625921195,-1.0
1,1063,1,-1.427032976,0.660138875,-1.0
1,1064,1,-0.692620913,0.418693295,-1.0
1,1065,1,-1.24342996,-1.512871346,-1.0
1,1066,1,-1.977842024,-2.237208087,-1.0
1,1067,1,-1.24342996,-1.271425766,-1.01
1,1068,1,-1.7024375,-1.271425766,-1.02
1,1069,1,-2.16144504,1.143030035,-1.02
1,1070,1,-0.325414881,-1.271425766,-1.03
1,1071,1,0.95980623,-2.478653667,-1.03
1,1072,1,-0.692620913,-0.305643446,-1.03
1,1073,0,-0.876223929,-1.995762506,-1.04
1,1074,1,-1.059826945,-0.064197866,-1.04
1,1075,0,-1.24342996,-1.271425766,-1.05
1,1076,1,0.95980623,-0.305643446,-1.05
1,1077,1,-0.141811865,-1.512871346,-1.06
1,1078,1,0.592600198,1.143030035,-1.06
1,1079,1,1.327012261,0.418693295,-1.06
1,1080,1,0.408997182,-0.788534606,-1.06
1,1081,1,-0.141811865,-1.995762506,-1.07
1,1082,1,0.95980623,1.143030035,-1.07
1,1083,1,-0.325414881,0.418693295,-1.07
1,1084,1,1.143409245,0.901584455,-1.07
1,1085,0,0.04179115,-1.271425766,-1.07
1,1086,0,-2.895857103,-0.788534606,-1.07
1,1087,1,-1.427032976,-1.754316926,-1.08
1,1088,1,0.592600198,1.625921195,-1.08
1,1089,0,0.776203214,-0.064197866,-1.08
1,1090,0,1.877821309,0.901584455,-1.08
1,1091,0,-1.059826945,1.143030035,-1.08
1,1092,0,1.327012261,-0.064197866,-1.08
1,1093,1,-1.059826945,0.418693295,-1.09
1,1094,0,0.225394166,-0.547089026,-1.09
1,1095,1,0.225394166,-0.064197866,-1.09
1,1096,1,0.408997182,0.177247714,-1.09
1,1097,1,-1.610635992,-0.788534606,-1.09
1,1098,1,0.592600198,-0.547089026,-1.1
1,1099,1,-0.692620913,-1.029980186,-1.1
1,1100,1,-0.692620913,0.418693295,-1.11
1,1101,1,-1.794239008,-1.995762506,-1.11
1,1102,1,-1.059826945,-0.305643446,-1.12
1,1103,1,0.95980623,1.625921195,-1.12
1,1104,1,-0.876223929,-1.029980186,-1.13
1,1105,1,1.327012261,-0.788534606,-1.13
1,1106,1,0.408997182,0.177247714,-1.13
1,1107,1,-3.44666615,0.660138875,-1.14
1,1108,1,0.225394166,-0.788534606,-1.14
1,1109,0,0.225394166,-1.029980186,-1.14
1,1110,0,-1.977842024,-1.512871346,-1.14
1,1111,1,0.04179115,-0.064197866,-1.15
1,1112,1,-1.24342996,0.901584455,-1.15
1,1113,1,0.408997182,0.418693295,-1.16
1,1114,1,0.04179115,1.625921195,-1.16
1,1115,1,-0.876223929,0.177247714,-1.16
1,1116,1,2.061424325,0.660138875,-1.17
1,1117,1,-1.24342996,1.143030035,-1.17
1,1118,1,-1.794239008,0.177247714,-1.17
1,1119,1,0.04179115,1.625921195,-1.17
1,1120,1,-1.427032976,-1.512871346,-1.17
1,1121,1,-0.876223929,-1.995762506,-1.17
1,1122,1,0.95980623,-0.788534606,-1.17
1,1123,1,-1.427032976,-1.512871346,-1.18
1,1124,1,-0.876223929,0.177247714,-1.19
1,1125,1,0.225394166,0.177247714,-1.19
1,1126,1,-1.427032976,1.384475615,-1.2
1,1127,1,-0.233613373,0.418693295,-1.2
1,1128,1,-1.427032976,0.177247714,-1.21
1,1129,1,-0.417216389,-0.305643446,-1.21
1,1130,1,-1.794239008,-1.271425766,-1.21
1,1131,1,-2.345048055,1.625921195,-1.21
1,1132,1,0.95980623,-0.305643446,-1.21
1,1133,1,0.776203214,-0.064197866,-1.21
1,1134,1,0.592600198,1.143030035,-1.22
1,1135,1,-1.610635992,-1.271425766,-1.22
1,1136,1,0.225394166,-0.547089026,-1.23
1,1137,1,0.04179115,-2.961544827,-1.23
1,1138,1,0.592600198,-0.305643446,-1.23
1,1139,0,0.225394166,0.177247714,-1.24
1,1140,1,-1.610635992,-0.305643446,-1.24
1,1141,1,0.225394166,-0.547089026,-1.25
1,1142,1,-1.610635992,-1.995762506,-1.27
1,1143,1,-1.886040516,0.177247714,-1.27
1,1144,1,-0.325414881,0.418693295,-1.27
1,1145,1,-1.059826945,0.418693295,-1.27
1,1146,1,-1.335231468,-0.064197866,-1.28
1,1147,1,-2.345048055,-1.754316926,-1.28
1,1148,1,-2.987658611,-1.271425766,-1.28
1,1149,1,-1.518834484,0.418693295,-1.32
1,1150,1,-1.24342996,0.418693295,-1.33
1,1151,1,0.776203214,-0.064197866,-1.33
1,1152,1,-0.325414881,0.660138875,-1.33
1,1153,1,-1.610635992,-0.547089026,-1.36
1,1154,1,-0.876223929,-1.029980186,-1.36
1,1155,1,2.061424325,1.143030035,-1.36
1,1156,0,0.408997182,-1.995762506,-1.37
1,1157,0,0.592600198,-0.788534606,-1.37
1,1158,1,0.225394166,-0.788534606,-1.39
1,1159,1,-1.794239008,0.901584455,-1.39
1,1160,1,-0.141811865,-0.064197866,-1.4
1,1161,1,-1.610635992,-0.788534606,-1.4
1,1162,1,-0.141811865,-0.547089026,-1.4
1,1163,1,-0.141811865,0.660138875,-1.41
1,1164,1,-0.509017897,-0.788534606,-1.41
1,1165,1,-2.895857103,-0.064197866,-1.42
1,1166,1,-0.325414881,-1.512871346,-1.43
1,1167,0,-0.141811865,-1.029980186,-1.44
1,1168,1,-1.335231468,0.177247714,-1.46
1,1169,1,-0.141811865,0.660138875,-1.47
1,1170,1,-1.7024375,0.177247714,-1.49
1,1171,1,1.510615277,0.660138875,-1.49
1,1172,1,-1.977842024,0.177247714,-1.5
1,1173,0,1.327012261,-0.305643446,-1.51
1,1174,1,-1.151628453,0.177247714,-1.52
1,1175,1,1.327012261,1.384475615,-1.53
1,1176,1,-1.977842024,0.660138875,-1.53
1,1177,1,-1.518834484,-1.995762506,-1.54
1,1178,1,-0.692620913,1.384475615,-1.54
1,1179,0,0.04179115,-0.547089026,-1.56
1,1180,1,-0.692620913,-0.305643446,-1.56
1,1181,1,-2.16144504,0.660138875,-1.56
1,1182,1,0.776203214,-0.064197866,-1.57
1,1183,1,-0.637540008,-0.064197866,-1.58
1,1184,1,-1.427032976,0.177247714,-1.59
1,1185,1,-0.509017897,-1.029980186,-1.6
1,1186,1,-0.270333977,-0.305643446,-1.61
1,1187,1,-1.059826945,-1.029980186,-1.61
1,1188,1,-1.427032976,-1.995762506,-1.68
1,1189,0,-0.876223929,-0.788534606,-1.68
1,1190,1,-0.876223929,-0.547089026,-1.68
1,1191,1,-0.325414881,-1.029980186,-1.7
1,1192,0,-0.509017897,-1.271425766,-1.71
1,1193,0,-0.968025437,-0.305643446,-1.72
1,1194,1,0.04179115,0.660138875,-1.74
1,1195,1,0.592600198,-1.271425766,-1.74
1,1196,1,-1.335231468,1.143030035,-1.77
1,1197,0,0.04179115,-0.305643446,-1.79
1,1198,1,-2.712254087,-1.271425766,-1.8
1,1199,1,1.327012261,-0.547089026,-1.83
1,1200,1,0.225394166,-0.064197866,-1.85
1,1201,1,-0.325414881,-1.271425766,-1.85
1,1202,1,0.408997182,1.867366775,-1.86
1,1203,1,-0.233613373,-0.305643446,-1.87
1,1204,1,-2.16144504,-2.237208087,-1.91
1,1205,1,-0.509017897,-1.271425766,-1.92
1,1206,1,-0.876223929,0.418693295,-1.99
1,1207,1,-1.059826945,-0.305643446,-1.99
1,1208,1,1.327012261,-1.512871346,-2.0
1,1209,1,-1.794239008,-0.064197866,-2.01
1,1210,1,-1.794239008,-1.754316926,-2.06
1,1211,1,-3.079460119,-0.064197866,-2.1
1,1212,1,1.327012261,0.177247714,-2.1
1,1213,1,-2.069643532,-0.547089026,-2.11
1,1214,1,-1.886040516,-1.029980186,-2.14
1,1215,1,-1.24342996,0.901584455,-2.16
1,1216,1,-2.16144504,-1.029980186,-2.22
1,1217,1,0.95980623,-0.547089026,-2.25
1,1218,1,-1.24342996,-1.271425766,-2.29
1,1219,1,-0.325414881,-0.305643446,-2.69
1,1220,1,-0.876223929,0.177247714,-3.04
1,1221,1,-2.895857103,-0.788534606,-3.35
